Time,AmplitudeBandWidth,AmplitudeMean,NumberOverload,NumberUnderloads,StabilizationTime
2018-04-11 18:19:38,7.417,2.098,0,0,3214
2018-04-11 18:19:46,0.726,0.402,0,0,3339
2018-04-11 18:19:57,6.061,2.092,0,0,3167
2018-04-11 18:20:10,0.716,0.298,0,0,3261
2018-04-11 18:20:14,0.638,0.578,0,0,3011
2018-04-11 18:21:10,5.036,2.102,0,0,3167
2018-04-11 18:21:22,5.081,1.952,0,0,3323
2018-04-11 18:21:35,4.719,1.904,0,0,4072
2018-04-11 18:21:47,0.841,0.496,0,0,3167
2018-04-11 18:21:59,7.212,2.18,0,0,3214
2018-04-11 18:22:02,18.418,7.834,0,0,3011
2018-04-11 18:22:58,5.068,2.3,0,0,3261
2018-04-11 18:23:10,5.718,2.132,0,0,3167
2018-04-11 18:23:23,0.153,0.074,0,0,3230
2018-04-11 18:23:35,6.566,2.022,0,0,3214
2018-04-11 18:23:47,0.856,0.414,0,0,3214
2018-04-11 18:23:59,4.033,1.744,0,0,3167
2018-04-11 18:24:12,0.776,0.326,0,0,3230
2018-04-11 18:24:24,5.43,1.77,0,0,3136
2018-04-11 18:24:36,0.261,0.124,0,0,3214
2018-04-11 18:24:48,1.076,0.664,0,0,4088
2018-04-11 18:24:59,1.059,0.482,0,0,3214
2018-04-11 18:25:12,4.532,1.948,0,0,3199
2018-04-11 18:25:24,3.965,1.71,0,0,3199
2018-04-11 18:25:36,0.948,0.512,0,0,3370
2018-04-11 18:25:48,6.054,2.338,0,0,3183
2018-04-11 18:26:01,6.022,2.206,0,0,3152
2018-04-11 18:26:13,0.604,0.268,0,0,3230
2018-04-11 18:26:25,6.473,2.246,0,0,3214
2018-04-11 18:26:36,0.239,0.104,0,0,3199
2018-04-11 18:26:48,0.861,0.51,0,0,3167
2018-04-11 18:27:01,0.427,0.198,0,0,3230
2018-04-11 18:27:13,0.123,0.06,0,0,3183
2018-04-11 18:27:25,0.211,0.104,0,0,3199
2018-04-11 18:27:37,0.861,0.472,0,0,3214
2018-04-11 18:27:50,0.181,0.104,0,0,3167
2018-04-11 18:28:02,0.919,0.42,0,0,3167
2018-04-11 18:28:14,0.422,0.21,0,0,3214
2018-04-11 18:28:26,0.46,0.202,0,0,3370
2018-04-11 18:28:38,0.194,0.088,0,0,3167
2018-04-11 18:28:50,0.576,0.312,0,0,3121
2018-04-11 18:29:02,0.173,0.082,0,0,3214
2018-04-11 18:29:14,0.122,0.058,0,0,3386
2018-04-11 18:29:26,0.796,0.526,0,0,3167
2018-04-11 18:29:40,4.087,1.772,0,0,4057
2018-04-11 18:29:51,0.765,0.436,0,0,3370
2018-04-11 18:30:03,7.046,2.104,0,0,3167
2018-04-11 18:30:15,0.595,0.362,0,0,3167
2018-04-11 18:30:27,5.962,2.284,0,0,4057
2018-04-11 18:30:40,0.669,0.388,0,0,3230
2018-04-11 18:30:43,0.273,0.28,0,0,3011
2018-04-11 18:31:40,1.72,0.688,0,0,4088
2018-04-11 18:32:39,5.371,1.932,0,0,3167
2018-04-11 18:32:52,5.33,1.86,0,0,3152
2018-04-11 18:33:04,5.217,2.2,0,0,3339
2018-04-11 18:33:16,7.466,2.326,0,0,3386
2018-04-11 18:33:27,0.632,0.306,0,0,3214
2018-04-11 18:33:40,0.451,0.242,0,0,3230
2018-04-11 18:33:52,6.125,2.318,0,0,3370
2018-04-11 18:34:52,5.23,2.094,0,0,3167
2018-04-11 18:35:04,1.037,0.558,0,0,3339
2018-04-11 18:35:16,5.337,1.758,0,0,3183
2018-04-11 18:35:29,4.812,1.882,0,0,3199
2018-04-11 18:35:41,6.565,2.468,0,0,3776
2018-04-11 18:36:41,5.242,2.078,0,0,3167
2018-04-11 18:36:44,3.021,2.148,0,0,3011
2018-04-11 18:37:31,0.693,0.426,0,0,3027
2018-04-11 18:37:41,5.17,2.126,0,0,3370
2018-04-11 18:37:53,7.422,2.46,0,0,3355
2018-04-11 18:38:06,6.543,2.276,0,0,3167
2018-04-11 18:38:17,4.954,2.208,0,0,3370
2018-04-11 18:38:30,5.743,2.066,0,0,4041
2018-04-11 18:39:29,7.293,2.198,0,0,3167
2018-04-11 18:39:41,7.039,2.25,0,0,3199
2018-04-11 18:39:54,5.981,2.17,0,0,3183
2018-04-11 18:39:57,2.507,2.024,0,0,3011
2018-04-11 18:40:55,5.279,2.146,0,0,4228
2018-04-11 18:41:06,0.496,0.29,0,0,3386
2018-04-11 18:41:18,7.728,2.354,0,0,3183
2018-04-11 18:41:30,4.573,2.078,0,0,3386
2018-04-11 18:41:42,7.349,2.144,0,0,3167
2018-04-11 18:41:54,0.426,0.194,0,0,3355
2018-04-11 18:42:06,7.148,2.194,0,0,3199
2018-04-11 18:42:19,4.691,1.99,0,0,3230
2018-04-11 18:42:32,5.994,2.022,0,0,4369
2018-04-11 18:42:43,0.455,0.262,0,0,3183
2018-04-11 18:42:55,4.113,1.804,0,0,3167
2018-04-11 18:43:08,5.441,2.368,0,0,3355
2018-04-11 18:43:19,6.828,2.004,0,0,3214
2018-04-11 18:43:31,1.259,0.686,0,0,3167
2018-04-11 18:43:43,5.95,2.01,0,0,3167
2018-04-11 18:43:55,0.6,0.25,0,0,3199
2018-04-11 18:44:08,6.655,2.2,0,0,3386
2018-04-11 18:45:09,6.812,2.13,0,0,4072
2018-04-11 18:46:08,5.096,2.1,0,0,3386
2018-04-11 18:46:20,5.059,2.238,0,0,3245
2018-04-11 18:46:32,6.585,2.178,0,0,3355
2018-04-11 18:46:45,5.697,2.224,0,0,3199
2018-04-11 18:46:58,5.928,1.982,0,0,4259
2018-04-11 18:47:09,0.693,0.404,0,0,3183
2018-04-11 18:47:20,7.61,2.278,0,0,3167
2018-04-11 18:47:32,5.722,2.06,0,0,3167
2018-04-11 18:47:45,5.649,2.306,0,0,3386
2018-04-11 18:47:57,4.593,1.992,0,0,3339
2018-04-11 18:48:09,5.561,2.046,0,0,3214
2018-04-11 18:48:21,5.435,2.076,0,0,3386
2018-04-11 18:48:35,6.125,2.166,0,0,4072
2018-04-11 18:48:46,0.614,0.368,0,0,3245
2018-04-11 18:48:58,0.352,0.19,0,0,4088
2018-04-11 18:49:10,0.778,0.454,0,0,3167
2018-04-11 18:49:22,4.342,1.98,0,0,4041
2018-04-11 18:49:34,0.653,0.374,0,0,3214
2018-04-11 18:49:46,4.318,1.872,0,0,3183
2018-04-11 18:49:58,4.854,2.01,0,0,3183
2018-04-11 18:50:11,0.279,0.12,0,0,3167
2018-04-11 18:50:23,5.179,2.298,0,0,3370
2018-04-11 18:50:35,5.23,1.954,0,0,3136
2018-04-11 18:50:47,5.342,2.27,0,0,3370
2018-04-11 18:50:59,0.198,0.096,0,0,3183
2018-04-11 18:51:03,2.667,2.17,0,0,3011
2018-04-11 18:51:59,7.075,2.114,0,0,3199
2018-04-11 18:52:11,7.469,2.218,0,0,3199
2018-04-11 18:52:23,5.836,1.828,0,0,3370
2018-04-11 18:53:24,5.236,2.166,0,0,4057
2018-04-11 18:53:36,0.722,0.418,0,0,3230
2018-04-11 18:53:48,4.92,1.996,0,0,3199
2018-04-11 18:53:59,5.765,2.374,0,0,3167
2018-04-11 18:54:11,7.551,2.288,0,0,3183
2018-04-11 18:54:24,5.496,2.186,0,0,3199
2018-04-11 18:54:36,5.594,2.208,0,0,3167
2018-04-11 18:54:48,0.325,0.156,0,0,3370
2018-04-11 18:55:00,0.512,0.282,0,0,3386
2018-04-11 18:55:13,5.188,2.096,0,0,3370
2018-04-11 18:55:25,6.078,2.186,0,0,3245
2018-04-11 18:55:37,0.573,0.258,0,0,3183
2018-04-11 18:55:49,5.11,2.082,0,0,3214
2018-04-11 18:56:02,0.284,0.128,0,0,3214
2018-04-11 18:56:14,5.875,2.052,0,0,4010
2018-04-11 18:56:25,0.828,0.484,0,0,3245
2018-04-11 18:56:37,4.843,1.99,0,0,3214
2018-04-11 18:56:49,0.292,0.124,0,0,3339
2018-04-11 18:57:02,0.277,0.128,0,0,3167
2018-04-11 18:57:05,1.984,1.638,0,0,3011
2018-04-11 18:58:00,4.158,2.3,0,0,3027
2018-04-11 18:58:14,0.64,0.376,0,0,3214
2018-04-11 18:58:26,5.876,2.046,0,0,3183
2018-04-11 18:58:39,5.551,2.246,0,0,3230
2018-04-11 18:58:50,0.958,0.454,0,0,3214
2018-04-11 18:59:02,5.283,1.904,0,0,3167
2018-04-11 18:59:14,0.757,0.318,0,0,3214
2018-04-11 18:59:17,1.423,1.046,0,0,3027
2018-04-11 19:00:15,1.764,0.912,0,0,3261
2018-04-11 19:00:27,5.687,1.996,0,0,3214
2018-04-11 19:00:39,7.328,2.084,0,0,3355
2018-04-11 19:00:51,4.109,1.902,0,0,3355
2018-04-11 19:01:02,0.244,0.112,0,0,3167
2018-04-11 19:01:15,5.225,1.972,0,0,3152
2018-04-11 19:01:27,5.3,2.002,0,0,3167
2018-04-11 19:01:39,5.21,2.15,0,0,3214
2018-04-11 19:01:51,7.326,2.418,0,0,3199
2018-04-11 19:02:04,0.699,0.31,0,0,3214
2018-04-11 19:02:17,5.535,2.306,0,0,4072
2018-04-11 19:02:28,0.805,0.46,0,0,3183
2018-04-11 19:02:40,6.022,2.166,0,0,4057
2018-04-11 19:02:53,0.902,0.5,0,0,3199
2018-04-11 19:03:05,0.374,0.172,0,0,4057
2018-04-11 19:04:04,7.47,2.254,0,0,3214
2018-04-11 19:04:16,0.629,0.27,0,0,3214
2018-04-11 19:04:28,5.167,2.068,0,0,3183
2018-04-11 19:04:41,4.981,2.01,0,0,3152
2018-04-11 19:04:53,4.934,1.852,0,0,3183
2018-04-11 19:05:05,7.197,2.502,0,0,3167
2018-04-11 19:05:17,5.646,2.302,0,0,3183
2018-04-11 19:05:30,6.095,2.304,0,0,3199
2018-04-11 19:05:42,4.953,2.014,0,0,3167
2018-04-11 19:05:53,5.513,2.226,0,0,3167
2018-04-11 19:06:05,7.491,2.384,0,0,3152
2018-04-11 19:06:17,5.985,2.424,0,0,3152
2018-04-11 19:06:30,5.715,2.12,0,0,3370
2018-04-11 19:06:42,0.43,0.2,0,0,3152
2018-04-11 19:06:54,0.37,0.158,0,0,3152
2018-04-11 19:07:06,5.25,1.884,0,0,3199
2018-04-11 19:07:19,0.953,0.544,0,0,3214
2018-04-11 19:07:31,4.902,2.014,0,0,3152
2018-04-11 19:07:42,0.836,0.382,0,0,3214
2018-04-11 19:07:55,6.835,2.324,0,0,4088
2018-04-11 19:08:06,0.727,0.412,0,0,3183
2018-04-11 19:08:19,0.396,0.178,0,0,3214
2018-04-11 19:08:31,5.159,1.866,0,0,3199
2018-04-11 19:08:43,0.255,0.112,0,0,3199
2018-04-11 19:08:55,0.433,0.212,0,0,3121
2018-04-11 19:08:59,2.972,2.438,0,0,3027
2018-04-11 19:09:53,0.686,0.42,0,0,3245
2018-04-11 19:10:08,1.76,0.808,0,0,3230
2018-04-11 19:10:20,5.946,2.122,0,0,3183
2018-04-11 19:10:32,4.82,2.012,0,0,3214
2018-04-11 19:10:43,7.347,2.07,0,0,3167
2018-04-11 19:10:57,4.799,1.956,0,0,3214
2018-04-11 19:11:08,5.799,1.924,0,0,3167
2018-04-11 19:11:20,1.676,1.074,0,0,3183
2018-04-11 19:11:32,7.3,2.218,0,0,3167
2018-04-11 19:11:44,5.13,1.872,0,0,3199
2018-04-11 19:11:57,0.263,0.116,0,0,3214
2018-04-11 19:12:09,5.348,2.004,0,0,3167
2018-04-11 19:12:21,5.971,2.062,0,0,3121
2018-04-11 19:12:33,5.062,1.878,0,0,3183
2018-04-11 19:12:46,0.244,0.11,0,0,3167
2018-04-11 19:12:58,7.267,2.202,0,0,3183
2018-04-11 19:13:10,6.013,2.174,0,0,3152
2018-04-11 19:13:22,4.73,2.016,0,0,3214
2018-04-11 19:13:33,0.301,0.138,0,0,3183
2018-04-11 19:13:46,5.044,2.138,0,0,3167
2018-04-11 19:13:58,0.322,0.146,0,0,3167
2018-04-11 19:14:10,0.192,0.09,0,0,3199
2018-04-11 19:14:22,4.856,1.978,0,0,3121
2018-04-11 19:14:35,0.116,0.068,0,0,3167
2018-04-11 19:14:47,0.214,0.098,0,0,3339
2018-04-11 19:14:59,5.957,2.06,0,0,3167
2018-04-11 19:15:11,5.51,2.056,0,0,3167
2018-04-11 19:15:23,5.372,2.166,0,0,3386
2018-04-11 19:15:35,6.246,2.124,0,0,3339
2018-04-11 19:15:47,5.544,1.798,0,0,3183
2018-04-11 19:15:59,0.205,0.092,0,0,3167
2018-04-11 19:16:12,0.144,0.09,0,0,3355
2018-04-11 19:16:25,7.295,2.268,0,0,4041
2018-04-11 19:16:36,0.81,0.47,0,0,3355
2018-04-11 19:16:48,5.938,2.184,0,0,4072
2018-04-11 19:17:48,5.38,2.218,0,0,3199
2018-04-11 19:17:51,1.58,1.29,0,0,3011
2018-04-11 19:18:35,0.834,0.498,0,0,3011
2018-04-11 19:18:46,0.177,0.126,0,0,3074
2018-04-11 19:19:00,0.356,0.236,0,0,4774
2018-04-11 19:19:12,0.202,0.098,0,0,3386
2018-04-11 19:19:26,0.428,0.172,0,0,4525
2018-04-11 19:19:37,0.5,0.298,0,0,4088
2018-04-11 19:19:49,0.859,0.5,0,0,3261
2018-04-11 19:20:00,0.469,0.208,0,0,3167
2018-04-11 19:20:13,1.22,0.598,0,0,4072
2018-04-11 19:20:26,0.863,0.506,0,0,4493
2018-04-11 19:20:39,0.82,0.344,0,0,4493
2018-04-11 19:20:50,0.518,0.28,0,0,4103
2018-04-11 19:21:01,0.731,0.424,0,0,3214
2018-04-11 19:21:14,0.857,0.428,0,0,4088
2018-04-11 19:21:27,0.854,0.492,0,0,4103
2018-04-11 19:21:38,0.804,0.472,0,0,3199
2018-04-11 19:21:50,0.244,0.116,0,0,3199
2018-04-11 19:22:01,0.526,0.234,0,0,3167
2018-04-11 19:22:15,0.278,0.13,0,0,3370
2018-04-11 19:22:26,0.336,0.148,0,0,3167
2018-04-11 19:22:29,2.916,2.308,0,0,3011
2018-04-11 19:23:26,1.006,0.572,0,0,3230
2018-04-11 19:23:38,1.006,0.572,0,0,3167
2018-04-11 19:23:39,0.636,0.268,0,0,3167
2018-04-11 19:23:52,0.579,0.282,0,0,4462
2018-04-11 19:24:04,1.697,0.696,0,0,4415
2018-04-11 19:24:15,0.523,0.302,0,0,3386
2018-04-11 19:24:28,0.502,0.21,0,0,4088
2018-04-11 19:24:39,0.84,0.476,0,0,3417
2018-04-11 19:24:52,0.186,0.1,0,0,4431
2018-04-11 19:25:05,0.653,0.346,0,0,4478
2018-04-11 19:25:15,0.486,0.286,0,0,3183
2018-04-11 19:25:27,4.725,1.96,0,0,3199
2018-04-11 19:25:41,5.278,2.19,0,0,4088
2018-04-11 19:25:53,0.899,0.532,0,0,5913
2018-04-11 19:26:03,0.582,0.288,0,0,3183
2018-04-11 19:26:16,0.854,0.468,0,0,4088
2018-04-11 19:26:29,0.649,0.396,0,0,4384
2018-04-11 19:26:40,0.543,0.296,0,0,3199
2018-04-11 19:26:53,0.267,0.122,0,0,4478
2018-04-11 19:27:05,0.847,0.35,0,0,3370
2018-04-11 19:27:17,0.153,0.1,0,0,3261
2018-04-11 19:27:28,4.692,2.012,0,0,3183
2018-04-11 19:27:32,1.498,1.108,0,0,3011
2018-04-11 19:28:29,5.224,2.168,0,0,3386
2018-04-11 19:28:41,0.472,0.2,0,0,3386
2018-04-11 19:28:53,0.302,0.136,0,0,3199
2018-04-11 19:29:05,0.678,0.288,0,0,4103
2018-04-11 19:29:17,0.844,0.504,0,0,3183
2018-04-11 19:29:30,0.484,0.2,0,0,4462
2018-04-11 19:29:42,0.558,0.314,0,0,4072
2018-04-11 19:29:55,0.753,0.438,0,0,4103
2018-04-11 19:30:06,0.908,0.496,0,0,3214
2018-04-11 19:30:19,0.469,0.194,0,0,4447
2018-04-11 19:30:31,0.499,0.284,0,0,4088
2018-04-11 19:30:42,0.825,0.474,0,0,3230
2018-04-11 19:30:54,0.401,0.168,0,0,3214
2018-04-11 19:30:57,1.767,1.962,0,0,3011
2018-04-11 19:31:54,5.202,2.24,0,0,3370
2018-04-11 19:32:07,0.564,0.236,0,0,4462
2018-04-11 19:32:19,0.665,0.322,0,0,4525
2018-04-11 19:32:32,0.521,0.282,0,0,4088
2018-04-11 19:32:43,0.687,0.4,0,0,3386
2018-04-11 19:33:43,5.251,2.216,0,0,4072
2018-04-11 19:33:55,0.344,0.212,0,0,4805
2018-04-11 19:34:07,0.202,0.1,0,0,3183
2018-04-11 19:34:19,0.359,0.15,0,0,3386
2018-04-11 19:34:31,0.202,0.104,0,0,3199
2018-04-11 19:34:45,0.13,0.078,0,0,4509
2018-04-11 19:34:56,0.413,0.252,0,0,3386
2018-04-11 19:35:09,0.824,0.37,0,0,4509
2018-04-11 19:35:19,0.458,0.274,0,0,3245
2018-04-11 19:35:32,5.789,2.22,0,0,3214
2018-04-11 19:35:45,0.141,0.084,0,0,4462
2018-04-11 19:35:56,0.602,0.308,0,0,3230
2018-04-11 19:36:09,0.143,0.096,0,0,4478
2018-04-11 19:36:22,0.54,0.33,0,0,4415
2018-04-11 19:36:33,0.546,0.312,0,0,4088
2018-04-11 19:36:46,0.823,0.476,0,0,4462
2018-04-11 19:36:58,0.491,0.29,0,0,4493
2018-04-11 19:37:09,0.807,0.312,0,0,3417
2018-04-11 19:37:22,5.273,2.156,0,0,4103
2018-04-11 19:37:33,0.79,0.468,0,0,3401
2018-04-11 19:37:45,0.377,0.158,0,0,4072
2018-04-11 19:37:58,0.632,0.362,0,0,3370
2018-04-11 19:38:09,0.311,0.134,0,0,3199
2018-04-11 19:38:13,2.583,1.918,0,0,3011
2018-04-11 19:39:09,0.497,0.268,0,0,3199
2018-04-11 19:39:23,0.201,0.098,0,0,4478
2018-04-11 19:39:34,0.416,0.232,0,0,3386
2018-04-11 19:39:45,0.416,0.232,0,0,3214
2018-04-11 19:39:46,0.652,0.316,0,0,3214
2018-04-11 19:39:59,0.842,0.476,0,0,4509
2018-04-11 19:40:10,0.537,0.29,0,0,3214
2018-04-11 19:40:22,0.361,0.152,0,0,3386
2018-04-11 19:40:34,5.928,2.458,0,0,3417
2018-04-11 19:40:46,0.295,0.134,0,0,3214
2018-04-11 19:40:58,0.206,0.11,0,0,3183
2018-04-11 19:41:11,0.776,0.394,0,0,3355
2018-04-11 19:41:23,0.187,0.09,0,0,4103
2018-04-11 19:41:34,0.668,0.38,0,0,3308
2018-04-11 19:41:47,0.3,0.138,0,0,3214
2018-04-11 19:41:59,4.702,1.954,0,0,3230
2018-04-11 19:42:11,0.145,0.092,0,0,3245
2018-04-11 19:42:24,0.871,0.464,0,0,3214
2018-04-11 19:42:35,0.508,0.212,0,0,3199
2018-04-11 19:42:47,0.643,0.288,0,0,3230
2018-04-11 19:43:00,0.135,0.086,0,0,4103
2018-04-11 19:43:12,0.957,0.492,0,0,3230
2018-04-11 19:43:25,0.467,0.198,0,0,4088
2018-04-11 19:43:36,0.79,0.466,0,0,3214
2018-04-11 19:43:49,0.541,0.236,0,0,3214
2018-04-11 19:44:00,4.669,2.0,0,0,3230
2018-04-11 19:44:04,1.237,0.908,0,0,3011
2018-04-11 19:45:00,5.212,2.164,0,0,3167
2018-04-11 19:45:12,0.838,0.364,0,0,3370
2018-04-11 19:45:26,0.377,0.168,0,0,4103
2018-04-11 19:45:38,0.724,0.416,0,0,4509
2018-04-11 19:45:50,0.568,0.33,0,0,4540
2018-04-11 19:46:49,0.212,0.142,0,0,3245
2018-04-11 19:47:02,0.255,0.11,0,0,4415
2018-04-11 19:47:13,0.746,0.33,0,0,3386
2018-04-11 19:47:25,0.132,0.088,0,0,3230
2018-04-11 19:47:37,0.258,0.114,0,0,3386
2018-04-11 19:47:50,0.439,0.192,0,0,4478
2018-04-11 19:48:03,0.379,0.23,0,0,4525
2018-04-11 19:49:02,0.271,0.142,0,0,3261
2018-04-11 19:49:13,0.781,0.33,0,0,3199
2018-04-11 19:49:25,0.349,0.15,0,0,3199
2018-04-11 19:49:38,0.139,0.082,0,0,3214
2018-04-11 19:49:51,0.783,0.372,0,0,4088
2018-04-11 19:50:03,0.923,0.492,0,0,3230
2018-04-11 19:50:14,0.361,0.156,0,0,3183
2018-04-11 19:50:26,0.396,0.164,0,0,3417
2018-04-11 19:50:38,0.443,0.194,0,0,3121
2018-04-11 19:50:41,1.566,1.346,0,0,3027
2018-04-11 19:51:39,5.177,2.158,0,0,3183
2018-04-11 19:51:52,0.219,0.104,0,0,4478
2018-04-11 19:52:04,0.716,0.33,0,0,4509
2018-04-11 19:52:14,0.458,0.266,0,0,3199
2018-04-11 19:52:27,0.21,0.094,0,0,3230
2018-04-11 19:52:40,0.3,0.136,0,0,4478
2018-04-11 19:52:51,1.759,0.716,0,0,3386
2018-04-11 19:53:05,0.352,0.144,0,0,4478
2018-04-11 19:53:16,0.535,0.31,0,0,3401
2018-04-11 19:53:29,0.51,0.222,0,0,4509
2018-04-11 19:53:39,0.386,0.23,0,0,3214
2018-04-11 19:53:44,1.919,1.55,0,0,3011
2018-04-11 19:54:40,5.007,2.166,0,0,3401
2018-04-11 19:54:52,0.309,0.14,0,0,3230
2018-04-11 19:55:04,0.509,0.206,0,0,3183
2018-04-11 19:55:16,0.144,0.086,0,0,3230
2018-04-11 19:55:28,0.543,0.23,0,0,3386
2018-04-11 19:55:40,0.325,0.144,0,0,3370
2018-04-11 19:55:53,0.22,0.11,0,0,3230
2018-04-11 19:56:06,0.137,0.076,0,0,4415
2018-04-11 19:56:18,0.537,0.296,0,0,4088
2018-04-11 19:56:29,0.802,0.47,0,0,3214
2018-04-11 19:56:41,0.545,0.238,0,0,3386
2018-04-11 19:56:53,4.751,2.016,0,0,3214
2018-04-11 19:57:06,0.335,0.136,0,0,4088
2018-04-11 19:57:18,0.951,0.514,0,0,3214
2018-04-11 19:57:30,0.226,0.12,0,0,3199
2018-04-11 19:57:42,0.658,0.304,0,0,4119
2018-04-11 19:57:55,0.783,0.464,0,0,4415
2018-04-11 19:58:07,0.964,0.42,0,0,4400
2018-04-11 19:58:19,0.546,0.312,0,0,4103
2018-04-11 19:58:30,0.812,0.47,0,0,3386
2018-04-11 19:58:43,0.29,0.132,0,0,3183
2018-04-11 19:58:55,0.75,0.384,0,0,3230
2018-04-11 19:59:08,5.154,2.136,0,0,4447
2018-04-11 19:59:20,0.526,0.31,0,0,3417
2018-04-11 19:59:31,0.183,0.094,0,0,3230
2018-04-11 19:59:43,0.649,0.288,0,0,3401
2018-04-11 19:59:55,0.285,0.13,0,0,3183
2018-04-11 20:00:08,4.681,1.968,0,0,3261
2018-04-11 20:00:20,5.782,2.086,0,0,4103
2018-04-11 20:00:31,0.781,0.448,0,0,3277
2018-04-11 20:00:45,0.859,0.428,0,0,4447
2018-04-11 20:00:56,0.758,0.372,0,0,3183
2018-04-11 20:01:09,0.457,0.198,0,0,4119
2018-04-11 20:02:09,5.264,2.206,0,0,3199
2018-04-11 20:02:20,0.945,0.498,0,0,3214
2018-04-11 20:02:32,0.175,0.12,0,0,3386
2018-04-11 20:02:45,0.129,0.086,0,0,4088
2018-04-11 20:02:58,0.88,0.478,0,0,4384
2018-04-11 20:03:57,5.206,2.158,0,0,4088
2018-04-11 20:04:56,0.512,0.208,0,0,3183
2018-04-11 20:05:10,0.253,0.122,0,0,4088
2018-04-11 20:05:21,0.361,0.238,0,0,4743
2018-04-11 20:05:33,0.138,0.084,0,0,3386
2018-04-11 20:05:45,0.628,0.314,0,0,3230
2018-04-11 20:05:58,0.201,0.096,0,0,4057
2018-04-11 20:06:10,0.904,0.54,0,0,4415
2018-04-11 20:06:21,0.904,0.54,0,0,3214
2018-04-11 20:06:22,0.444,0.268,0,0,3214
2018-04-11 20:06:35,0.697,0.312,0,0,4462
2018-04-11 20:06:47,0.505,0.294,0,0,4525
2018-04-11 20:06:58,0.491,0.266,0,0,3386
2018-04-11 20:07:10,0.299,0.12,0,0,3199
2018-04-11 20:07:22,0.327,0.142,0,0,3230
2018-04-11 20:07:36,0.8,0.408,0,0,4447
2018-04-11 20:07:47,0.528,0.304,0,0,4088
2018-04-11 20:07:59,0.845,0.504,0,0,4072
2018-04-11 20:08:12,0.65,0.386,0,0,4088
2018-04-11 20:08:24,0.345,0.22,0,0,5819
2018-04-11 20:08:35,0.536,0.318,0,0,3339
2018-04-11 20:08:49,0.176,0.092,0,0,4493
2018-04-11 20:09:00,0.574,0.328,0,0,4415
2018-04-11 20:09:12,0.574,0.334,0,0,4462
2018-04-11 20:09:24,0.52,0.292,0,0,4509
2018-04-11 20:09:36,0.557,0.302,0,0,4088
2018-04-11 20:09:47,0.557,0.482,0,0,4088
2018-04-11 20:09:48,0.823,0.482,0,0,3245
2018-04-11 20:10:00,0.428,0.182,0,0,4103
2018-04-11 20:10:12,0.714,0.416,0,0,3386
2018-04-11 20:10:25,0.365,0.158,0,0,4447
2018-04-11 20:10:36,0.573,0.336,0,0,3230
2018-04-11 20:10:50,7.764,2.458,0,0,4478
2018-04-11 20:11:01,0.59,0.356,0,0,3417
2018-04-11 20:11:12,0.337,0.144,0,0,3136
2018-04-11 20:11:24,0.701,0.352,0,0,3386
2018-04-11 20:11:37,0.393,0.162,0,0,3386
2018-04-11 20:11:49,0.144,0.09,0,0,3386
2018-04-11 20:12:01,0.19,0.092,0,0,3245
2018-04-11 20:12:14,0.163,0.08,0,0,4478
2018-04-11 20:12:26,0.581,0.314,0,0,3183
2018-04-11 20:12:39,0.202,0.112,0,0,4525
2018-04-11 20:12:49,0.574,0.302,0,0,3245
2018-04-11 20:13:01,0.345,0.148,0,0,3230
2018-04-11 20:13:13,0.194,0.108,0,0,3386
2018-04-11 20:13:26,0.366,0.152,0,0,3386
2018-04-11 20:13:38,0.505,0.208,0,0,3230
2018-04-11 20:13:50,4.872,2.08,0,0,3214
2018-04-11 20:14:03,0.148,0.096,0,0,4072
2018-04-11 20:14:14,0.838,0.478,0,0,3230
2018-04-11 20:14:28,0.162,0.104,0,0,4431
2018-04-11 20:14:40,0.575,0.326,0,0,4462
2018-04-11 20:14:52,0.532,0.31,0,0,4088
2018-04-11 20:15:02,0.764,0.446,0,0,3199
2018-04-11 20:15:15,0.178,0.106,0,0,3167
2018-04-11 20:15:28,0.583,0.266,0,0,4072
2018-04-11 20:16:27,5.198,2.18,0,0,3199
2018-04-11 20:16:40,0.17,0.096,0,0,3230
2018-04-11 20:16:52,0.142,0.086,0,0,4447
2018-04-11 20:17:03,0.582,0.354,0,0,3214
2018-04-11 20:17:17,0.204,0.102,0,0,4415
2018-04-11 20:17:28,0.572,0.324,0,0,3245
2018-04-11 20:17:41,0.262,0.11,0,0,4103
2018-04-11 20:18:40,7.523,2.256,0,0,3214
2018-04-11 20:18:52,0.438,0.184,0,0,3214
2018-04-11 20:19:05,0.352,0.144,0,0,4462
2018-04-11 20:19:17,0.533,0.288,0,0,3214
2018-04-11 20:19:28,0.527,0.24,0,0,3230
2018-04-11 20:19:41,0.527,0.24,0,0,4447
2018-04-11 20:19:42,0.133,0.086,0,0,4447
2018-04-11 20:19:52,0.562,0.312,0,0,3370
2018-04-11 20:20:04,0.22,0.11,0,0,3183
2018-04-11 20:20:18,0.593,0.242,0,0,4119
2018-04-11 20:20:29,0.744,0.426,0,0,3214
2018-04-11 20:20:41,0.432,0.204,0,0,4072
2018-04-11 20:20:54,0.867,0.5,0,0,4119
2018-04-11 20:21:05,1.018,0.514,0,0,3230
2018-04-11 20:21:17,0.493,0.202,0,0,3199
2018-04-11 20:21:30,0.314,0.146,0,0,3199
2018-04-11 20:21:43,0.401,0.178,0,0,4478
2018-04-11 20:21:55,0.512,0.292,0,0,4462
2018-04-11 20:22:08,0.543,0.318,0,0,4478
2018-04-11 20:22:20,0.568,0.332,0,0,4384
2018-04-11 20:22:30,0.576,0.324,0,0,3230
2018-04-11 20:22:42,0.389,0.158,0,0,3230
2018-04-11 20:22:45,0.495,0.518,0,0,3011
2018-04-11 20:23:43,5.298,2.29,0,0,4072
2018-04-11 20:23:55,0.358,0.236,0,0,4587
2018-04-11 20:24:07,0.28,0.124,0,0,3214
2018-04-11 20:24:10,1.731,1.654,0,0,3011
2018-04-11 20:25:06,6.229,2.586,0,0,3386
2018-04-11 20:25:19,4.734,2.09,0,0,3183
2018-04-11 20:25:31,0.433,0.18,0,0,3386
2018-04-11 20:26:32,0.306,0.216,0,0,5835
2018-04-11 20:26:43,0.89,0.516,0,0,3214
2018-04-11 20:26:55,0.323,0.136,0,0,3245
2018-04-11 20:27:08,0.334,0.138,0,0,4103
2018-04-11 20:27:19,0.386,0.238,0,0,4603
2018-04-11 20:27:32,0.194,0.1,0,0,3386
2018-04-11 20:27:44,0.166,0.092,0,0,4103
2018-04-11 20:27:56,0.805,0.466,0,0,3339
2018-04-11 20:28:09,0.403,0.166,0,0,4431
2018-04-11 20:28:20,0.697,0.344,0,0,3230
2018-04-11 20:28:32,0.223,0.106,0,0,3214
2018-04-11 20:28:45,0.191,0.09,0,0,4119
2018-04-11 20:28:57,0.858,0.502,0,0,3386
2018-04-11 20:29:08,0.279,0.12,0,0,3214
2018-04-11 20:29:21,0.161,0.08,0,0,3183
2018-04-11 20:29:33,0.33,0.138,0,0,3417
2018-04-11 20:29:45,0.122,0.066,0,0,3230
2018-04-11 20:29:57,0.154,0.1,0,0,3245
2018-04-11 20:30:10,0.339,0.146,0,0,4478
2018-04-11 20:31:10,0.934,0.364,0,0,3386
2018-04-11 20:31:22,0.246,0.12,0,0,3214
2018-04-11 20:31:34,4.89,2.116,0,0,4088
2018-04-11 20:31:46,0.88,0.506,0,0,4447
2018-04-11 20:31:58,0.497,0.294,0,0,3214
2018-04-11 20:32:10,0.246,0.124,0,0,3214
2018-04-11 20:32:22,0.132,0.086,0,0,3230
2018-04-11 20:32:35,0.202,0.104,0,0,3401
2018-04-11 20:32:46,0.158,0.09,0,0,3214
2018-04-11 20:32:58,0.31,0.126,0,0,3245
2018-04-11 20:33:10,4.642,2.034,0,0,3199
2018-04-11 20:33:24,0.171,0.1,0,0,4088
2018-04-11 20:33:35,0.924,0.504,0,0,3214
2018-04-11 20:33:38,0.871,0.698,0,0,3027
2018-04-11 20:34:36,0.28,0.178,0,0,4509
2018-04-11 20:34:48,0.519,0.294,0,0,4088
2018-04-11 20:34:59,0.952,0.546,0,0,3214
2018-04-11 20:35:11,0.155,0.072,0,0,4072
2018-04-11 20:35:24,0.155,0.432,0,0,4072
2018-04-11 20:35:25,0.745,0.432,0,0,4462
2018-04-11 20:35:35,0.562,0.312,0,0,3183
2018-04-11 20:35:47,0.227,0.102,0,0,3167
2018-04-11 20:36:01,0.124,0.074,0,0,4088
2018-04-11 20:36:12,0.826,0.494,0,0,3401
2018-04-11 20:37:12,6.697,2.244,0,0,3401
2018-04-11 20:37:25,0.153,0.09,0,0,4431
2018-04-11 20:37:36,0.605,0.352,0,0,3230
2018-04-11 20:37:39,1.31,1.032,0,0,3011
2018-04-11 20:38:36,0.411,0.26,0,0,3261
2018-04-11 20:38:39,2.781,2.366,0,0,3011
2018-04-11 20:39:34,0.197,0.138,0,0,3011
2018-04-11 20:39:48,0.508,0.296,0,0,3230
2018-04-11 20:40:01,0.301,0.13,0,0,3386
2018-04-11 20:40:12,0.368,0.152,0,0,3183
2018-04-11 20:40:25,0.479,0.212,0,0,4462
2018-04-11 20:40:36,0.57,0.308,0,0,3214
2018-04-11 20:40:49,1.789,1.12,0,0,3230
2018-04-11 20:41:02,0.36,0.152,0,0,4447
2018-04-11 20:41:13,0.595,0.34,0,0,3230
2018-04-11 20:41:27,0.456,0.19,0,0,4415
2018-04-11 20:41:38,0.656,0.374,0,0,3386
2018-04-11 20:41:50,0.324,0.136,0,0,4431
2018-04-11 20:42:02,0.6,0.348,0,0,4088
2018-04-11 20:42:15,0.804,0.476,0,0,4462
2018-04-11 20:42:27,0.622,0.356,0,0,4415
2018-04-11 20:42:39,0.578,0.308,0,0,4088
2018-04-11 20:42:51,0.85,0.472,0,0,3386
2018-04-11 20:43:03,0.174,0.118,0,0,4119
2018-04-11 20:43:14,0.915,0.532,0,0,3230
2018-04-11 20:43:27,0.371,0.152,0,0,4415
2018-04-11 20:43:39,0.54,0.312,0,0,3386
2018-04-11 20:43:52,0.276,0.116,0,0,4072
2018-04-11 20:44:03,0.893,0.512,0,0,3214
2018-04-11 20:44:15,0.469,0.212,0,0,3214
2018-04-11 20:44:28,0.269,0.124,0,0,3386
2018-04-11 20:44:41,0.573,0.242,0,0,4478
2018-04-11 20:44:51,0.55,0.322,0,0,3370
2018-04-11 20:45:03,0.497,0.204,0,0,3199
2018-04-11 20:45:17,0.353,0.162,0,0,4525
2018-04-11 20:46:16,5.408,2.246,0,0,3261
2018-04-11 20:46:28,0.366,0.152,0,0,3386
2018-04-11 20:46:40,0.349,0.148,0,0,3386
2018-04-11 20:46:52,0.126,0.08,0,0,3386
2018-04-11 20:47:06,1.684,1.022,0,0,4478
2018-04-11 20:47:17,0.538,0.298,0,0,3199
2018-04-11 20:47:29,0.336,0.136,0,0,3401
2018-04-11 20:47:40,0.37,0.154,0,0,3199
2018-04-11 20:47:53,0.3,0.124,0,0,3230
2018-04-11 20:48:05,4.705,2.082,0,0,3386
2018-04-11 20:48:17,0.328,0.142,0,0,3230
2018-04-11 20:48:29,0.278,0.116,0,0,3214
2018-04-11 20:48:43,0.429,0.18,0,0,4462
2018-04-11 20:48:54,0.632,0.364,0,0,3417
2018-04-11 20:49:05,0.436,0.182,0,0,3214
2018-04-11 20:49:18,0.177,0.102,0,0,3214
2018-04-11 20:49:30,0.376,0.162,0,0,3199
2018-04-11 20:49:42,0.529,0.206,0,0,3214
2018-04-11 20:49:54,0.144,0.088,0,0,3199
2018-04-11 20:50:07,4.898,2.11,0,0,3417
2018-04-11 20:50:19,0.267,0.114,0,0,3401
2018-04-11 20:51:18,5.231,2.174,0,0,3214
2018-04-11 20:51:32,0.292,0.128,0,0,4088
2018-04-11 20:51:44,0.87,0.506,0,0,4493
2018-04-11 20:51:55,0.542,0.326,0,0,3401
2018-04-11 20:52:07,0.156,0.084,0,0,3386
2018-04-11 20:52:21,0.398,0.168,0,0,4540
2018-04-11 20:52:31,0.551,0.322,0,0,3386
2018-04-11 20:52:43,0.189,0.1,0,0,3230
2018-04-11 20:52:55,0.458,0.196,0,0,3386
2018-04-11 20:53:08,0.501,0.202,0,0,3199
2018-04-11 20:53:20,0.291,0.126,0,0,3401
2018-04-11 20:53:32,0.206,0.108,0,0,3230
2018-04-11 20:53:44,0.668,0.284,0,0,3199
2018-04-11 20:53:47,2.107,1.982,0,0,3011
2018-04-11 20:54:44,5.331,2.34,0,0,3261
2018-04-11 20:55:30,0.603,0.332,0,0,3011
2018-04-11 20:55:42,0.101,0.08,0,0,3152
2018-04-11 20:55:58,0.246,0.154,0,0,4977
2018-04-11 20:56:10,0.306,0.18,0,0,4805
2018-04-11 20:56:22,0.44,0.238,0,0,4852
2018-04-11 20:56:34,0.268,0.166,0,0,4119
2018-04-11 20:57:35,5.53,2.068,0,0,4961
2018-04-11 20:57:46,0.29,0.18,0,0,4103
2018-04-11 20:57:59,0.928,0.53,0,0,4899
2018-04-11 20:58:10,0.345,0.212,0,0,4930
2018-04-11 20:58:23,0.335,0.184,0,0,4946
2018-04-11 20:58:34,0.458,0.192,0,0,3214
2018-04-11 20:58:47,1.738,1.094,0,0,4759
2018-04-11 20:58:58,0.395,0.206,0,0,3230
2018-04-11 20:59:11,0.6,0.278,0,0,4119
2018-04-11 21:00:11,5.548,2.064,0,0,4930
2018-04-11 21:00:24,0.32,0.174,0,0,4852
2018-04-11 21:00:36,0.371,0.216,0,0,4961
2018-04-11 21:00:48,0.248,0.154,0,0,4993
2018-04-11 21:01:00,0.21,0.136,0,0,4805
2018-04-11 21:02:11,0.487,0.294,0,0,3386
2018-04-11 21:02:25,0.215,0.092,0,0,4883
2018-04-11 21:02:37,0.356,0.168,0,0,4961
2018-04-11 21:02:48,0.305,0.176,0,0,4696
2018-04-11 21:03:49,5.886,2.048,0,0,4821
2018-04-11 21:04:01,0.337,0.2,0,0,4961
2018-04-11 21:04:13,0.264,0.168,0,0,5024
2018-04-11 21:04:26,0.39,0.164,0,0,4852
2018-04-11 21:04:37,0.296,0.172,0,0,4899
2018-04-11 21:04:48,0.284,0.17,0,0,3261
2018-04-11 21:05:00,1.021,0.51,0,0,4088
2018-04-11 21:05:12,0.52,0.306,0,0,4103
2018-04-11 21:05:26,0.875,0.496,0,0,6209
2018-04-11 21:05:38,0.493,0.258,0,0,4790
2018-04-11 21:05:49,0.33,0.202,0,0,4088
2018-04-11 21:06:01,0.33,0.202,0,0,4103
2018-04-11 21:06:02,0.597,0.342,0,0,4103
2018-04-11 21:06:14,0.636,0.362,0,0,4805
2018-04-11 21:06:24,0.449,0.23,0,0,3214
2018-04-11 21:06:36,0.4,0.168,0,0,3230
2018-04-11 21:06:51,0.127,0.074,0,0,4805
2018-04-11 21:07:03,0.343,0.214,0,0,4852
2018-04-11 21:07:13,0.375,0.208,0,0,3214
2018-04-11 21:07:26,0.171,0.112,0,0,4915
2018-04-11 21:07:39,0.328,0.19,0,0,4852
2018-04-11 21:07:50,0.47,0.21,0,0,4103
2018-04-11 21:08:02,0.352,0.212,0,0,4072
2018-04-11 21:08:15,0.546,0.268,0,0,4774
2018-04-11 21:08:27,0.347,0.208,0,0,4634
2018-04-11 21:08:38,0.483,0.282,0,0,4103
2018-04-11 21:08:52,0.737,0.444,0,0,5024
2018-04-11 21:09:02,0.762,0.288,0,0,3230
2018-04-11 21:09:15,0.427,0.174,0,0,4103
2018-04-11 21:09:29,0.223,0.148,0,0,6209
2018-04-11 21:09:39,0.225,0.148,0,0,3245
2018-04-11 21:09:52,4.805,2.124,0,0,4977
2018-04-11 21:10:02,0.241,0.136,0,0,3183
2018-04-11 21:10:15,0.148,0.086,0,0,3261
2018-04-11 21:10:27,0.346,0.144,0,0,3183
2018-04-11 21:10:40,0.175,0.094,0,0,4852
2018-04-11 21:11:38,0.355,0.17,0,0,3121
2018-04-11 21:11:53,0.65,0.27,0,0,4946
2018-04-11 21:12:05,1.754,0.876,0,0,4915
2018-04-11 21:13:01,0.102,0.082,0,0,3277
2018-04-11 21:13:15,1.6,0.722,0,0,3199
2018-04-11 21:13:29,5.809,2.208,0,0,4805
2018-04-11 21:13:42,0.383,0.228,0,0,4977
2018-04-11 21:13:53,0.208,0.132,0,0,4883
2018-04-11 21:14:04,0.486,0.212,0,0,4103
2018-04-11 21:14:18,0.927,0.532,0,0,4946
2018-04-11 21:14:30,0.224,0.144,0,0,4977
2018-04-11 21:14:42,0.231,0.148,0,0,4852
2018-04-11 21:14:55,0.395,0.224,0,0,4961
2018-04-11 21:15:05,0.189,0.114,0,0,3214
2018-04-11 21:15:17,0.471,0.19,0,0,3230
2018-04-11 21:15:30,0.281,0.128,0,0,4837
2018-04-11 21:15:41,0.339,0.204,0,0,3183
2018-04-11 21:15:55,4.863,2.176,0,0,4977
2018-04-11 21:16:06,0.359,0.162,0,0,4088
2018-04-11 21:16:19,0.95,0.432,0,0,4868
2018-04-11 21:16:31,0.343,0.212,0,0,4759
2018-04-11 21:16:42,0.316,0.186,0,0,3230
2018-04-11 21:16:55,0.503,0.202,0,0,4868
2018-04-11 21:17:07,0.338,0.208,0,0,4961
2018-04-11 21:17:20,0.399,0.184,0,0,4805
2018-04-11 21:17:32,0.365,0.216,0,0,4883
2018-04-11 21:17:44,0.263,0.156,0,0,4930
2018-04-11 21:17:54,0.263,0.166,0,0,3261
2018-04-11 21:18:08,0.345,0.168,0,0,4915
2018-04-11 21:18:19,0.85,0.316,0,0,3401
2018-04-11 21:18:32,0.163,0.108,0,0,4961
2018-04-11 21:18:45,0.728,0.27,0,0,4727
2018-04-11 21:19:44,0.618,0.272,0,0,4961
2018-04-11 21:19:57,0.375,0.184,0,0,4915
2018-04-11 21:20:07,0.369,0.176,0,0,3183
2018-04-11 21:20:19,0.291,0.122,0,0,3401
2018-04-11 21:20:33,0.189,0.094,0,0,5008
2018-04-11 21:20:45,0.251,0.156,0,0,4634
2018-04-11 21:20:56,0.404,0.242,0,0,4088
2018-04-11 21:21:09,0.549,0.326,0,0,3355
2018-04-11 21:21:20,0.42,0.174,0,0,3230
2018-04-11 21:21:34,0.718,0.29,0,0,4821
2018-04-11 21:21:46,0.31,0.178,0,0,4930
2018-04-11 21:21:58,0.225,0.146,0,0,4712
2018-04-11 21:22:10,0.468,0.28,0,0,4634
2018-04-11 21:22:21,0.512,0.264,0,0,3261
2018-04-11 21:22:33,0.121,0.074,0,0,3277
2018-04-11 21:22:46,0.125,0.062,0,0,4977
2018-04-11 21:22:58,0.211,0.138,0,0,4119
2018-04-11 21:23:10,0.422,0.262,0,0,3401
2018-04-11 21:23:23,0.459,0.192,0,0,4618
2018-04-11 21:23:35,0.441,0.264,0,0,4805
2018-04-11 21:23:48,0.491,0.216,0,0,4930
2018-04-11 21:23:59,0.32,0.184,0,0,4868
2018-04-11 21:24:11,0.401,0.196,0,0,4774
2018-04-11 21:24:24,0.326,0.194,0,0,4821
2018-04-11 21:24:36,0.37,0.224,0,0,4961
2018-04-11 21:24:46,0.308,0.164,0,0,3230
2018-04-11 21:25:00,0.371,0.156,0,0,4852
2018-04-11 21:25:12,0.376,0.224,0,0,4899
2018-04-11 21:25:24,0.365,0.214,0,0,4634
2018-04-11 21:25:35,0.448,0.27,0,0,3230
2018-04-11 21:25:47,0.468,0.19,0,0,3214
2018-04-11 21:25:59,0.436,0.184,0,0,3261
2018-04-11 21:26:11,0.285,0.134,0,0,3245
2018-04-11 21:26:14,0.236,0.334,0,0,3011
2018-04-11 21:27:12,5.278,2.392,0,0,4103
2018-04-11 21:27:26,1.456,0.662,0,0,4883
2018-04-11 21:27:36,0.507,0.212,0,0,3261
2018-04-11 21:27:48,0.629,0.284,0,0,3230
2018-04-11 21:27:59,0.504,0.21,0,0,3230
2018-04-11 21:28:02,0.504,0.21,0,0,3011
2018-04-11 21:28:03,1.178,1.034,0,0,3011
2018-04-11 21:29:02,5.403,2.29,0,0,4883
2018-04-11 21:29:13,0.452,0.232,0,0,4759
2018-04-11 21:29:24,0.506,0.238,0,0,3245
2018-04-11 21:29:38,4.911,2.16,0,0,4993
2018-04-11 21:29:48,0.216,0.14,0,0,3230
2018-04-11 21:30:00,7.088,2.214,0,0,3277
2018-04-11 21:30:12,0.26,0.114,0,0,3261
2018-04-11 21:30:26,4.765,2.098,0,0,4852
2018-04-11 21:30:38,0.364,0.178,0,0,4977
2018-04-11 21:30:48,0.364,0.178,0,0,3245
2018-04-11 21:30:49,0.458,0.192,0,0,3245
2018-04-11 21:31:02,0.151,0.094,0,0,3370
2018-04-11 21:31:14,0.389,0.168,0,0,4103
2018-04-11 21:31:26,1.662,0.678,0,0,4665
2018-04-11 21:31:38,0.476,0.284,0,0,3245
2018-04-11 21:31:50,0.574,0.256,0,0,4072
2018-04-11 21:32:52,5.02,2.32,0,0,4946
2018-04-11 21:33:02,0.541,0.216,0,0,3214
2018-04-11 21:33:14,0.529,0.268,0,0,3199
2018-04-11 21:33:26,1.773,1.174,0,0,3230
2018-04-11 21:33:40,0.103,0.068,0,0,4899
2018-04-11 21:34:36,0.104,0.082,0,0,3183
2018-04-11 21:34:52,0.297,0.18,0,0,4930
2018-04-11 21:35:03,0.248,0.154,0,0,3230
2018-04-11 21:35:16,0.366,0.152,0,0,4961
2018-04-11 21:35:26,0.277,0.152,0,0,3214
2018-04-11 21:35:39,0.489,0.202,0,0,3261
2018-04-11 21:35:52,0.159,0.088,0,0,4103
2018-04-11 21:36:03,0.882,0.5,0,0,3230
2018-04-11 21:36:15,0.162,0.102,0,0,3230
2018-04-11 21:36:28,0.198,0.102,0,0,4103
2018-04-11 21:36:40,0.502,0.292,0,0,4103
2018-04-11 21:36:53,0.183,0.112,0,0,6568
2018-04-11 21:37:05,0.225,0.138,0,0,4681
2018-04-11 21:37:16,0.538,0.32,0,0,3401
2018-04-11 21:37:28,0.117,0.074,0,0,3230
2018-04-11 21:37:40,0.182,0.086,0,0,3230
2018-04-11 21:37:54,0.378,0.16,0,0,4727
2018-04-11 21:38:52,5.24,2.388,0,0,3401
2018-04-11 21:39:04,7.264,2.276,0,0,3277
2018-04-11 21:39:16,0.296,0.128,0,0,3214
2018-04-11 21:39:28,0.128,0.082,0,0,3245
2018-04-11 21:39:43,0.152,0.096,0,0,5008
2018-04-11 21:39:54,0.337,0.17,0,0,4977
2018-04-11 21:40:06,0.31,0.146,0,0,4915
2018-04-11 21:40:17,0.293,0.172,0,0,3261
2018-04-11 21:40:31,0.279,0.13,0,0,4774
2018-04-11 21:40:41,0.37,0.216,0,0,3214
2018-04-11 21:40:56,0.33,0.142,0,0,4961
2018-04-11 21:41:07,0.257,0.16,0,0,4634
2018-04-11 21:41:18,0.438,0.264,0,0,3261
2018-04-11 21:41:31,0.143,0.092,0,0,4977
2018-04-11 21:41:41,0.423,0.188,0,0,3245
2018-04-11 21:41:45,1.652,1.624,0,0,3011
2018-04-11 21:42:44,0.466,0.198,0,0,4899
2018-04-11 21:42:56,0.394,0.224,0,0,4993
2018-04-11 21:43:06,0.308,0.164,0,0,3245
2018-04-11 21:43:19,0.33,0.134,0,0,4103
2018-04-11 21:43:31,0.16,0.108,0,0,4727
2018-04-11 21:43:45,0.181,0.09,0,0,5008
2018-04-11 21:43:55,0.286,0.176,0,0,3230
2018-04-11 21:44:07,0.265,0.12,0,0,3214
2018-04-11 21:44:19,0.188,0.09,0,0,3230
2018-04-11 21:44:22,1.039,1.002,0,0,3011
2018-04-11 21:45:21,5.873,2.158,0,0,4915
2018-04-11 21:45:31,0.792,0.296,0,0,3230
2018-04-11 21:45:43,4.926,1.852,0,0,3339
2018-04-11 21:45:57,0.117,0.074,0,0,4946
2018-04-11 21:46:07,0.828,0.296,0,0,3230
2018-04-11 21:46:21,0.515,0.212,0,0,4946
2018-04-11 21:46:34,0.212,0.134,0,0,4946
2018-04-11 21:46:46,0.295,0.158,0,0,4961
2018-04-11 21:46:57,0.268,0.164,0,0,4088
2018-04-11 21:47:08,0.207,0.136,0,0,4447
2018-04-11 21:47:22,4.867,2.14,0,0,4961
2018-04-11 21:47:34,0.246,0.15,0,0,4634
2018-04-11 21:47:46,0.437,0.264,0,0,4993
2018-04-11 21:47:58,0.437,0.264,0,0,5008
2018-04-11 21:47:59,0.261,0.152,0,0,5008
2018-04-11 21:48:10,0.357,0.156,0,0,4821
2018-04-11 21:48:21,0.506,0.234,0,0,3230
2018-04-11 21:48:34,0.289,0.134,0,0,4790
2018-04-11 21:48:47,0.344,0.206,0,0,4805
2018-04-11 21:48:59,0.343,0.194,0,0,4618
2018-04-11 21:49:11,1.732,0.732,0,0,4665
2018-04-11 21:49:21,0.607,0.304,0,0,3245
2018-04-11 21:49:25,0.282,0.398,0,0,3011
2018-04-11 21:50:23,0.531,0.236,0,0,4727
2018-04-11 21:50:35,0.436,0.246,0,0,4618
2018-04-11 21:50:46,0.421,0.258,0,0,3386
2018-04-11 21:51:47,5.595,2.374,0,0,4088
2018-04-11 21:51:58,0.19,0.12,0,0,4743
2018-04-11 21:52:12,0.994,0.428,0,0,4946
2018-04-11 21:53:10,1.374,0.592,0,0,3183
2018-04-11 21:53:24,5.179,2.186,0,0,4915
2018-04-11 21:53:36,0.304,0.15,0,0,4837
2018-04-11 21:53:48,0.541,0.252,0,0,4821
2018-04-11 21:54:00,0.345,0.226,0,0,5008
2018-04-11 21:54:11,0.211,0.14,0,0,4072
2018-04-11 21:54:23,0.607,0.364,0,0,3230
2018-04-11 21:54:36,0.429,0.178,0,0,4899
2018-04-11 21:54:47,0.362,0.216,0,0,3214
2018-04-11 21:55:01,1.704,1.008,0,0,4946
2018-04-11 21:55:11,1.766,0.884,0,0,3292
2018-04-11 21:55:25,0.22,0.116,0,0,4915
2018-04-11 21:55:36,0.332,0.174,0,0,3261
2018-04-11 21:56:37,5.387,2.208,0,0,4868
2018-04-11 21:56:49,0.323,0.196,0,0,5008
2018-04-11 21:57:00,0.208,0.132,0,0,3370
2018-04-11 21:57:14,6.06,1.996,0,0,4977
2018-04-11 21:57:24,0.838,0.32,0,0,3261
2018-04-11 21:57:38,0.274,0.126,0,0,4743
2018-04-11 21:57:50,0.48,0.274,0,0,4946
2018-04-11 21:58:02,0.308,0.176,0,0,4961
2018-04-11 21:58:12,0.999,0.354,0,0,3401
2018-04-11 21:58:25,0.201,0.098,0,0,3167
2018-04-11 21:58:38,0.188,0.094,0,0,4649
2018-04-11 21:58:50,0.471,0.284,0,0,4665
2018-04-11 21:59:03,0.654,0.304,0,0,4868
2018-04-11 21:59:13,0.296,0.176,0,0,3214
2018-04-11 21:59:25,0.262,0.11,0,0,3230
2018-04-11 21:59:39,0.248,0.114,0,0,4930
2018-04-11 21:59:51,0.31,0.18,0,0,4977
2018-04-11 22:00:04,0.319,0.178,0,0,4649
2018-04-11 22:00:14,0.483,0.27,0,0,3230
2018-04-11 22:00:26,0.323,0.136,0,0,3199
2018-04-11 22:00:38,1.605,0.902,0,0,3230
2018-04-11 22:00:50,0.152,0.104,0,0,3230
2018-04-11 22:01:03,0.392,0.184,0,0,3386
2018-04-11 22:01:16,0.271,0.126,0,0,4571
2018-04-11 22:01:28,0.4,0.242,0,0,4665
2018-04-11 22:01:41,0.835,0.332,0,0,4961
2018-04-11 22:01:52,0.279,0.178,0,0,4837
2018-04-11 22:02:02,0.279,0.178,0,0,3214
2018-04-11 22:02:03,0.303,0.182,0,0,3214
2018-04-11 22:02:17,0.325,0.142,0,0,4852
2018-04-11 22:02:29,0.375,0.224,0,0,4103
2018-04-11 22:02:41,0.683,0.406,0,0,4899
2018-04-11 22:02:51,0.329,0.206,0,0,3245
2018-04-11 22:03:06,0.289,0.136,0,0,4837
2018-04-11 22:03:16,0.408,0.234,0,0,3183
2018-04-11 22:03:29,0.13,0.062,0,0,4587
2018-04-11 22:03:41,0.488,0.292,0,0,3277
2018-04-11 22:03:54,0.079,0.05,0,0,4961
2018-04-11 22:04:05,0.175,0.114,0,0,4634
2018-04-11 22:04:18,0.463,0.274,0,0,4837
2018-04-11 22:04:30,0.367,0.22,0,0,4665
2018-04-11 22:04:42,0.377,0.222,0,0,4852
2018-04-11 22:04:52,0.432,0.202,0,0,3167
2018-04-11 22:05:05,0.217,0.096,0,0,3183
2018-04-11 22:05:08,1.689,1.414,0,0,3011
2018-04-11 22:06:06,0.128,0.094,0,0,6303
2018-04-11 22:07:07,0.054,0.054,0,0,6927
2018-04-11 22:07:17,1.5,0.634,0,0,3230
2018-04-11 22:07:31,0.586,0.356,0,0,4993
2018-04-11 22:07:43,0.144,0.068,0,0,5008
2018-04-11 22:07:55,1.047,0.428,0,0,4961
2018-04-11 22:08:05,1.418,0.62,0,0,3245
2018-04-11 22:08:20,0.172,0.082,0,0,4961
2018-04-11 22:08:31,0.393,0.182,0,0,4930
2018-04-11 22:08:43,0.405,0.168,0,0,4946
2018-04-11 22:08:56,0.443,0.208,0,0,4977
2018-04-11 22:09:08,0.194,0.124,0,0,4915
2018-04-11 22:10:08,0.137,0.096,0,0,6506
2018-04-11 22:10:19,0.496,0.252,0,0,3386
2018-04-11 22:10:31,0.148,0.074,0,0,3214
2018-04-11 22:10:44,4.883,2.136,0,0,4852
2018-04-11 22:10:54,0.341,0.21,0,0,3245
2018-04-11 22:11:09,1.516,0.884,0,0,4961
2018-04-11 22:11:19,0.273,0.156,0,0,3245
2018-04-11 22:11:22,0.257,0.364,0,0,3011
2018-04-11 22:12:21,5.521,2.444,0,0,4883
2018-04-11 22:13:20,0.094,0.074,0,0,5804
2018-04-11 22:14:21,0.133,0.096,0,0,6802
2018-04-11 22:14:32,0.199,0.13,0,0,3261
2018-04-11 22:14:43,0.628,0.348,0,0,3245
2018-04-11 22:14:57,0.228,0.104,0,0,4681
2018-04-11 22:15:09,0.441,0.268,0,0,4852
2018-04-11 22:15:21,0.309,0.186,0,0,4883
2018-04-11 22:15:34,0.425,0.212,0,0,4930
2018-04-11 22:15:46,0.307,0.18,0,0,4993
2018-04-11 22:15:58,0.236,0.144,0,0,4821
2018-04-11 22:16:10,0.472,0.27,0,0,4915
2018-04-11 22:16:23,0.463,0.204,0,0,4993
2018-04-11 22:16:33,0.53,0.21,0,0,3214
2018-04-11 22:16:46,0.482,0.196,0,0,4915
2018-04-11 22:16:59,0.494,0.222,0,0,4681
2018-04-11 22:17:11,0.418,0.246,0,0,4930
2018-04-11 22:17:23,0.514,0.208,0,0,4899
2018-04-11 22:17:34,0.317,0.192,0,0,3199
2018-04-11 22:17:46,0.114,0.058,0,0,3386
2018-04-11 22:17:58,0.454,0.216,0,0,3386
2018-04-11 22:18:10,0.174,0.092,0,0,4088
2018-04-11 22:18:24,0.886,0.42,0,0,4930
2018-04-11 22:18:34,0.616,0.25,0,0,3292
2018-04-11 22:18:47,0.11,0.072,0,0,4946
2018-04-11 22:19:00,0.304,0.178,0,0,4681
2018-04-11 22:19:12,0.463,0.28,0,0,4961
2018-04-11 22:19:22,0.329,0.186,0,0,3136
2018-04-11 22:19:37,0.331,0.158,0,0,4977
2018-04-11 22:19:47,0.241,0.146,0,0,3214
2018-04-11 22:19:59,0.286,0.12,0,0,3370
2018-04-11 22:20:12,0.27,0.112,0,0,4961
2018-04-11 22:20:25,0.41,0.178,0,0,4977
2018-04-11 22:20:37,0.523,0.21,0,0,4665
2018-04-11 22:20:47,0.518,0.25,0,0,3401
2018-04-11 22:21:00,0.57,0.322,0,0,3183
2018-04-11 22:21:13,0.17,0.088,0,0,4868
2018-04-11 22:21:24,0.443,0.184,0,0,3199
2018-04-11 22:21:39,4.926,2.13,0,0,4103
2018-04-11 22:21:50,1.779,0.712,0,0,4977
2018-04-11 22:22:01,0.26,0.16,0,0,4649
2018-04-11 22:22:13,0.514,0.304,0,0,4649
2018-04-11 22:22:24,0.425,0.248,0,0,3214
2018-04-11 22:22:36,1.642,0.946,0,0,3214
2018-04-11 22:22:50,0.171,0.102,0,0,4790
2018-04-11 22:23:50,0.947,0.414,0,0,4088
2018-04-11 22:24:50,6.587,2.306,0,0,4665
2018-04-11 22:25:03,1.587,0.652,0,0,4977
2018-04-11 22:25:14,0.36,0.164,0,0,4790
2018-04-11 22:25:25,0.439,0.232,0,0,3214
2018-04-11 22:25:38,0.354,0.15,0,0,3417
2018-04-11 22:26:37,0.854,0.346,0,0,3230
2018-04-11 22:26:50,0.401,0.176,0,0,3386
2018-04-11 22:27:01,0.223,0.098,0,0,3261
2018-04-11 22:27:13,0.101,0.064,0,0,3386
2018-04-11 22:27:26,0.398,0.162,0,0,3230
2018-04-11 22:27:39,0.238,0.11,0,0,4852
2018-04-11 22:27:51,0.304,0.178,0,0,4852
2018-04-11 22:28:04,0.369,0.224,0,0,4883
2018-04-11 22:28:16,0.319,0.196,0,0,4805
2018-04-11 22:28:28,1.195,0.464,0,0,4805
2018-04-11 22:28:40,0.397,0.24,0,0,4649
2018-04-11 22:28:52,0.422,0.254,0,0,4837
2018-04-11 22:29:03,0.58,0.26,0,0,3292
2018-04-11 22:29:16,0.139,0.088,0,0,4837
2018-04-11 22:29:27,0.327,0.2,0,0,3167
2018-04-11 22:29:40,0.141,0.082,0,0,4727
2018-04-11 22:29:51,0.395,0.232,0,0,3245
2018-04-11 22:30:05,0.569,0.25,0,0,4634
2018-04-11 22:30:17,0.428,0.262,0,0,4993
2018-04-11 22:30:27,0.738,0.274,0,0,3214
2018-04-11 22:30:40,0.264,0.124,0,0,3199
2018-04-11 22:30:53,0.161,0.102,0,0,4883
2018-04-11 22:31:05,0.333,0.192,0,0,4790
2018-04-11 22:32:06,0.248,0.158,0,0,4899
2018-04-11 22:32:17,0.367,0.22,0,0,4759
2018-04-11 22:32:29,1.778,0.792,0,0,3277
2018-04-11 22:32:42,0.447,0.182,0,0,4961
2018-04-11 22:32:54,0.229,0.146,0,0,4805
2018-04-11 22:33:04,0.54,0.274,0,0,3386
2018-04-11 22:33:18,0.502,0.282,0,0,4649
2018-04-11 22:33:31,0.442,0.248,0,0,4868
2018-04-11 22:33:42,0.784,0.294,0,0,4681
2018-04-11 22:33:55,0.508,0.3,0,0,5008
2018-04-11 22:34:07,1.708,0.964,0,0,4883
2018-04-11 22:34:19,0.326,0.202,0,0,4915
2018-04-11 22:34:32,0.239,0.15,0,0,4977
2018-04-11 22:34:42,0.31,0.15,0,0,3277
2018-04-11 22:34:55,5.201,2.106,0,0,4977
2018-04-11 22:35:54,0.499,0.206,0,0,4103
2018-04-11 22:36:08,0.604,0.36,0,0,4649
2018-04-11 22:36:20,0.453,0.278,0,0,4837
2018-04-11 22:36:31,0.375,0.222,0,0,4649
2018-04-11 22:36:44,0.918,0.344,0,0,4993
2018-04-11 22:36:56,0.24,0.15,0,0,4946
2018-04-11 22:37:08,1.062,0.39,0,0,4696
2018-04-11 22:37:21,1.515,0.574,0,0,4961
2018-04-11 22:37:31,0.238,0.142,0,0,3214
2018-04-11 22:37:34,0.018,0.02,0,0,3011
2018-04-11 22:38:32,7.425,2.386,0,0,4665
2018-04-11 22:38:45,1.611,0.68,0,0,4977
2018-04-11 22:38:57,0.451,0.188,0,0,4681
2018-04-11 22:39:08,0.437,0.264,0,0,4649
2018-04-11 22:39:21,1.642,0.732,0,0,4961
2018-04-11 22:39:33,0.309,0.184,0,0,5024
2018-04-11 22:39:45,0.546,0.218,0,0,4915
2018-04-11 22:39:56,0.45,0.206,0,0,3292
2018-04-11 22:40:09,0.357,0.148,0,0,4915
2018-04-11 22:40:19,0.381,0.176,0,0,3167
2018-04-11 22:40:33,0.341,0.146,0,0,4103
2018-04-11 22:40:46,0.465,0.258,0,0,4977
2018-04-11 22:40:57,0.569,0.23,0,0,5008
2018-04-11 22:41:54,0.167,0.134,0,0,3167
2018-04-11 22:42:10,0.276,0.172,0,0,4852
2018-04-11 22:42:22,1.609,0.732,0,0,4993
2018-04-11 22:42:34,0.247,0.156,0,0,4634
2018-04-11 22:42:46,0.463,0.274,0,0,4883
2018-04-11 22:42:56,0.535,0.216,0,0,3230
2018-04-11 22:43:11,0.193,0.088,0,0,4977
2018-04-11 22:43:23,0.574,0.224,0,0,4805
2018-04-11 22:43:35,0.57,0.242,0,0,5008
2018-04-11 22:43:46,0.796,0.308,0,0,4665
2018-04-11 22:43:57,0.448,0.268,0,0,3261
2018-04-11 22:44:00,0.069,0.098,0,0,3011
2018-04-11 22:44:59,5.542,2.366,0,0,4993
2018-04-11 22:45:10,0.269,0.154,0,0,3292
2018-04-11 22:45:23,0.166,0.102,0,0,4930
2018-04-11 22:45:34,1.647,0.75,0,0,3214
2018-04-11 22:45:47,0.15,0.09,0,0,4915
2018-04-11 22:46:00,0.652,0.27,0,0,4649
2018-04-11 22:46:12,0.53,0.306,0,0,4961
2018-04-11 22:46:22,0.33,0.216,0,0,3183
2018-04-11 22:46:36,0.157,0.088,0,0,4852
2018-04-11 22:46:48,0.398,0.198,0,0,4883
2018-04-11 22:47:00,0.406,0.234,0,0,4946
2018-04-11 22:47:13,0.473,0.232,0,0,4946
2018-04-11 22:47:24,0.294,0.176,0,0,4088
2018-04-11 22:47:36,0.203,0.142,0,0,5679
2018-04-11 22:47:49,0.403,0.244,0,0,4977
2018-04-11 22:48:01,0.57,0.23,0,0,4837
2018-04-11 22:48:13,0.376,0.23,0,0,4930
2018-04-11 22:48:25,0.222,0.144,0,0,4665
2018-04-11 22:48:37,0.442,0.248,0,0,4649
2018-04-11 22:49:36,5.446,2.3,0,0,4103
2018-04-11 22:50:38,0.926,0.378,0,0,4665
2018-04-11 22:50:50,0.578,0.346,0,0,4852
2018-04-11 22:51:01,0.578,0.346,0,0,4915
2018-04-11 22:51:02,0.546,0.234,0,0,4915
2018-04-11 22:51:13,0.374,0.2,0,0,3261
2018-04-11 22:51:26,4.939,2.196,0,0,4805
2018-04-11 22:52:25,4.939,2.196,0,0,4915
2018-04-11 22:52:26,0.887,0.53,0,0,4915
2018-04-11 22:52:39,0.513,0.248,0,0,4915
2018-04-11 22:52:51,0.352,0.234,0,0,4899
2018-04-11 22:53:02,0.353,0.196,0,0,4821
2018-04-11 22:53:14,1.236,0.444,0,0,4649
2018-04-11 22:53:27,0.455,0.27,0,0,4915
2018-04-11 22:53:37,0.379,0.18,0,0,3183
2018-04-11 22:53:51,0.128,0.07,0,0,4993
2018-04-11 22:54:03,0.278,0.172,0,0,4727
2018-04-11 22:54:15,0.447,0.27,0,0,4930
2018-04-11 22:54:27,0.321,0.18,0,0,4681
2018-04-11 22:54:40,0.488,0.29,0,0,4681
2018-04-11 22:54:52,0.45,0.276,0,0,4899
2018-04-11 22:55:04,0.341,0.202,0,0,4946
2018-04-11 22:55:16,0.227,0.144,0,0,4759
2018-04-11 22:55:28,0.363,0.218,0,0,4634
2018-04-11 22:55:38,0.464,0.276,0,0,3230
2018-04-11 22:55:53,0.217,0.094,0,0,5008
2018-04-11 22:56:04,0.215,0.14,0,0,4696
2018-04-11 22:56:16,0.462,0.278,0,0,4883
2018-04-11 22:56:28,0.515,0.232,0,0,4088
2018-04-11 22:56:41,0.748,0.44,0,0,4603
2018-04-11 22:56:53,0.438,0.27,0,0,5008
2018-04-11 22:57:05,0.628,0.23,0,0,4103
2018-04-11 22:57:17,0.577,0.354,0,0,4665
2018-04-11 22:58:17,1.504,0.684,0,0,4790
2018-04-11 22:58:29,0.556,0.292,0,0,4649
2018-04-11 22:58:41,0.455,0.274,0,0,4774
2018-04-11 22:58:53,0.359,0.214,0,0,4665
2018-04-11 22:59:06,0.529,0.286,0,0,4790
2018-04-11 22:59:18,0.595,0.286,0,0,4837
2018-04-11 22:59:30,0.308,0.19,0,0,4883
2018-04-11 22:59:41,0.349,0.212,0,0,3261
2018-04-11 22:59:55,0.114,0.058,0,0,4993
2018-04-11 23:00:06,0.2,0.128,0,0,4852
2018-04-11 23:00:19,0.385,0.228,0,0,4852
2018-04-11 23:00:31,0.414,0.23,0,0,4961
2018-04-11 23:00:43,0.271,0.16,0,0,4961
2018-04-11 23:00:53,0.232,0.146,0,0,3245
2018-04-11 23:01:07,0.082,0.046,0,0,4961
2018-04-11 23:02:07,0.21,0.146,0,0,6350
2018-04-11 23:03:04,0.168,0.124,0,0,3043
2018-04-11 23:03:18,1.543,0.672,0,0,3199
2018-04-11 23:03:32,0.137,0.084,0,0,5008
2018-04-11 23:04:31,5.316,2.28,0,0,4649
2018-04-11 23:04:43,0.475,0.276,0,0,4821
2018-04-11 23:04:55,0.412,0.246,0,0,4915
2018-04-11 23:05:08,0.499,0.218,0,0,4915
2018-04-11 23:05:18,0.306,0.176,0,0,3277
2018-04-11 23:06:16,0.106,0.08,0,0,3417
2018-04-11 23:06:30,0.392,0.242,0,0,3277
2018-04-11 23:06:44,7.195,2.244,0,0,4883
2018-04-11 23:06:56,0.354,0.214,0,0,5008
2018-04-11 23:07:09,0.421,0.198,0,0,4961
2018-04-11 23:08:09,5.486,2.444,0,0,4681
2018-04-11 23:08:21,1.614,0.712,0,0,4868
2018-04-11 23:08:33,0.242,0.15,0,0,4915
2018-04-11 23:08:45,0.294,0.182,0,0,4805
2018-04-11 23:08:56,0.373,0.218,0,0,3214
2018-04-11 23:09:09,0.704,0.302,0,0,4961
2018-04-11 23:09:22,1.773,0.922,0,0,4961
2018-04-11 23:09:34,0.65,0.27,0,0,4665
2018-04-11 23:09:45,1.663,0.716,0,0,4743
2018-04-11 23:09:57,1.61,0.704,0,0,4930
2018-04-11 23:10:10,0.373,0.206,0,0,4993
2018-04-11 23:10:22,1.707,0.942,0,0,4618
2018-04-11 23:10:33,1.707,0.942,0,0,4852
2018-04-11 23:10:34,0.445,0.27,0,0,4852
2018-04-11 23:10:47,0.31,0.192,0,0,4852
2018-04-11 23:10:58,0.545,0.23,0,0,4681
2018-04-11 23:11:10,0.493,0.298,0,0,4915
2018-04-11 23:11:21,0.324,0.194,0,0,4088
2018-04-11 23:11:35,0.948,0.542,0,0,4899
2018-04-11 23:11:45,0.301,0.182,0,0,3230
2018-04-11 23:12:00,0.216,0.098,0,0,4930
2018-04-11 23:12:11,0.267,0.164,0,0,4649
2018-04-11 23:13:11,1.514,0.82,0,0,4993
2018-04-11 23:13:23,0.396,0.232,0,0,4961
2018-04-11 23:13:36,0.425,0.234,0,0,4883
2018-04-11 23:13:47,0.382,0.234,0,0,4665
2018-04-11 23:13:59,0.463,0.278,0,0,4977
2018-04-11 23:14:11,0.323,0.156,0,0,3308
2018-04-11 23:14:24,0.402,0.168,0,0,4852
2018-04-11 23:14:34,0.431,0.216,0,0,3167
2018-04-11 23:14:49,0.497,0.208,0,0,4852
2018-04-11 23:15:00,1.649,0.732,0,0,4649
2018-04-11 23:15:12,0.474,0.28,0,0,4649
2018-04-11 23:15:24,0.491,0.304,0,0,4119
2018-04-11 23:15:37,1.438,0.61,0,0,4665
2018-04-11 23:15:49,0.489,0.296,0,0,4696
2018-04-11 23:16:02,0.464,0.276,0,0,4961
2018-04-11 23:16:13,0.297,0.178,0,0,4634
2018-04-11 23:16:25,0.415,0.248,0,0,4868
2018-04-11 23:16:37,0.38,0.232,0,0,3261
2018-04-11 23:16:49,0.653,0.27,0,0,4103
2018-04-11 23:17:02,0.211,0.15,0,0,6443
2018-04-11 23:17:14,0.436,0.196,0,0,4634
2018-04-11 23:17:26,0.502,0.3,0,0,4681
2018-04-11 23:17:38,0.491,0.296,0,0,4103
2018-04-11 23:17:50,1.604,0.666,0,0,4696
2018-04-11 23:18:02,0.617,0.32,0,0,4603
2018-04-11 23:18:13,0.492,0.298,0,0,4088
2018-04-11 23:18:27,0.881,0.44,0,0,4805
2018-04-11 23:19:25,5.331,2.434,0,0,3214
2018-04-11 23:19:38,0.174,0.11,0,0,4852
2018-04-11 23:19:51,1.636,0.742,0,0,4883
2018-04-11 23:20:03,1.12,0.406,0,0,4727
2018-04-11 23:20:14,0.563,0.29,0,0,4088
2018-04-11 23:20:28,0.593,0.366,0,0,4821
2018-04-11 23:20:38,0.284,0.176,0,0,3214
2018-04-11 23:20:51,0.772,0.354,0,0,4899
2018-04-11 23:21:03,0.316,0.182,0,0,4946
2018-04-11 23:22:04,0.99,0.408,0,0,4649
2018-04-11 23:22:16,0.561,0.324,0,0,4805
2018-04-11 23:22:28,0.3,0.174,0,0,4899
2018-04-11 23:22:39,0.314,0.18,0,0,3245
2018-04-11 23:22:52,5.569,2.136,0,0,4837
2018-04-11 23:23:03,0.364,0.224,0,0,4088
2018-04-11 23:23:17,0.544,0.314,0,0,5024
2018-04-11 23:24:17,5.495,2.484,0,0,4961
2018-04-11 23:24:29,1.612,0.952,0,0,4993
2018-04-11 23:24:41,1.273,0.51,0,0,4868
2018-04-11 23:24:53,0.338,0.178,0,0,4868
2018-04-11 23:25:03,0.605,0.25,0,0,3183
2018-04-11 23:25:17,0.307,0.134,0,0,4837
2018-04-11 23:25:28,1.303,0.482,0,0,3214
2018-04-11 23:25:42,1.652,1.032,0,0,4837
2018-04-11 23:25:53,0.374,0.23,0,0,5008
2018-04-11 23:26:06,0.238,0.148,0,0,4712
2018-04-11 23:26:16,0.476,0.274,0,0,3261
2018-04-11 23:26:19,1.463,1.278,0,0,3011
2018-04-11 23:27:19,5.343,2.318,0,0,4977
2018-04-11 23:27:30,0.623,0.268,0,0,4743
2018-04-11 23:27:42,1.313,0.488,0,0,4930
2018-04-11 23:27:54,0.314,0.134,0,0,4946
2018-04-11 23:28:07,0.524,0.226,0,0,4852
2018-04-11 23:28:19,0.36,0.214,0,0,4805
2018-04-11 23:28:30,0.346,0.21,0,0,4103
2018-04-11 23:28:41,0.649,0.378,0,0,3261
2018-04-11 23:28:55,4.978,2.122,0,0,4665
2018-04-11 23:29:07,0.48,0.288,0,0,4852
2018-04-11 23:29:20,0.314,0.192,0,0,4915
2018-04-11 23:30:19,1.746,1.024,0,0,4634
2018-04-11 23:30:31,1.746,1.024,0,0,4774
2018-04-11 23:30:32,0.433,0.258,0,0,4774
2018-04-11 23:30:43,1.513,0.596,0,0,4883
2018-04-11 23:30:55,1.726,0.804,0,0,4930
2018-04-11 23:31:08,0.56,0.23,0,0,4915
2018-04-11 23:31:20,0.478,0.242,0,0,4915
2018-04-11 23:31:30,0.329,0.156,0,0,3277
2018-04-11 23:31:43,5.413,2.09,0,0,3230
2018-04-11 23:31:56,0.21,0.106,0,0,4618
2018-04-11 23:32:06,0.473,0.274,0,0,3245
2018-04-11 23:32:19,0.119,0.072,0,0,3214
2018-04-11 23:32:33,0.76,0.302,0,0,4852
2018-04-11 23:32:44,0.33,0.198,0,0,4587
2018-04-11 23:32:57,0.437,0.262,0,0,4977
2018-04-11 23:33:10,1.694,0.832,0,0,4759
2018-04-11 23:33:20,0.344,0.212,0,0,4088
2018-04-11 23:33:31,1.34,0.484,0,0,3167
2018-04-11 23:33:45,0.58,0.248,0,0,4696
2018-04-11 23:33:57,0.441,0.266,0,0,4119
2018-04-11 23:34:10,0.601,0.324,0,0,4977
2018-04-11 23:34:21,0.239,0.15,0,0,4618
2018-04-11 23:35:22,5.332,2.372,0,0,4993
2018-04-11 23:35:34,1.066,0.398,0,0,4868
2018-04-11 23:35:45,1.066,0.398,0,0,4681
2018-04-11 23:35:46,0.42,0.218,0,0,4681
2018-04-11 23:35:56,0.425,0.258,0,0,3199
2018-04-11 23:36:10,0.21,0.102,0,0,4790
2018-04-11 23:36:22,0.422,0.252,0,0,4883
2018-04-11 23:36:34,0.397,0.172,0,0,4821
2018-04-11 23:36:47,0.393,0.232,0,0,4915
2018-04-11 23:36:59,0.442,0.204,0,0,4883
2018-04-11 23:37:09,0.335,0.206,0,0,3261
2018-04-11 23:37:23,1.743,1.256,0,0,4805
2018-04-11 23:37:35,0.528,0.232,0,0,4946
2018-04-11 23:37:47,0.278,0.174,0,0,4665
2018-04-11 23:38:48,0.21,0.156,0,0,6131
2018-04-11 23:39:00,0.453,0.28,0,0,4915
2018-04-11 23:39:11,0.257,0.16,0,0,4727
2018-04-11 23:39:23,0.612,0.286,0,0,4088
2018-04-11 23:39:36,1.762,0.67,0,0,4977
2018-04-11 23:39:48,1.197,0.448,0,0,4681
2018-04-11 23:39:58,0.499,0.286,0,0,3230
2018-04-11 23:40:12,1.672,0.976,0,0,4961
2018-04-11 23:40:23,1.628,0.85,0,0,3277
2018-04-11 23:40:36,0.496,0.224,0,0,4837
2018-04-11 23:40:47,0.265,0.162,0,0,3277
2018-04-11 23:41:01,0.187,0.09,0,0,4821
2018-04-11 23:41:13,0.356,0.222,0,0,4634
2018-04-11 23:41:25,1.179,0.426,0,0,4899
2018-04-11 23:41:35,0.232,0.138,0,0,3245
2018-04-11 23:41:38,0.324,0.458,0,0,3011
2018-04-11 23:42:38,0.478,0.21,0,0,4993
2018-04-11 23:42:49,0.211,0.106,0,0,4915
2018-04-11 23:43:00,0.433,0.206,0,0,3245
2018-04-11 23:43:14,0.241,0.116,0,0,4993
2018-04-11 23:43:26,0.98,0.392,0,0,4930
2018-04-11 23:43:36,0.319,0.188,0,0,3167
2018-04-11 23:43:49,0.446,0.186,0,0,4868
2018-04-11 23:44:02,0.394,0.23,0,0,4618
2018-04-11 23:44:14,0.506,0.288,0,0,4961
2018-04-11 23:44:26,0.545,0.216,0,0,4915
2018-04-11 23:44:39,0.284,0.17,0,0,4946
2018-04-11 23:44:50,0.268,0.166,0,0,4665
2018-04-11 23:45:02,0.493,0.294,0,0,4103
2018-04-11 23:45:13,0.761,0.304,0,0,3152
2018-04-11 23:45:26,0.157,0.082,0,0,4696
2018-04-11 23:46:27,1.286,0.732,0,0,4696
2018-04-11 23:46:39,1.709,0.748,0,0,4649
2018-04-11 23:46:49,0.504,0.292,0,0,3214
2018-04-11 23:47:04,0.116,0.058,0,0,4961
2018-04-11 23:47:14,0.433,0.21,0,0,3245
2018-04-11 23:47:27,0.433,0.178,0,0,4805
2018-04-11 23:47:38,0.381,0.226,0,0,3308
2018-04-11 23:48:37,0.068,0.058,0,0,3323
2018-04-11 23:48:51,0.474,0.234,0,0,4634
2018-04-11 23:49:04,0.528,0.286,0,0,4681
2018-04-11 23:49:16,1.758,0.8,0,0,4883
2018-04-11 23:49:28,0.321,0.196,0,0,4868
2018-04-11 23:49:40,0.378,0.216,0,0,4946
2018-04-11 23:49:53,1.696,0.878,0,0,4915
2018-04-11 23:50:03,0.323,0.192,0,0,3214
2018-04-11 23:50:17,0.124,0.078,0,0,4961
2018-04-11 23:50:28,0.314,0.184,0,0,4665
2018-04-11 23:50:41,0.502,0.294,0,0,4852
2018-04-11 23:51:41,5.112,2.394,0,0,4649
2018-04-11 23:51:51,0.505,0.294,0,0,3386
2018-04-11 23:52:06,0.243,0.104,0,0,4946
2018-04-11 23:52:17,0.358,0.172,0,0,4852
2018-04-11 23:52:29,0.596,0.232,0,0,5008
2018-04-11 23:53:30,7.423,2.432,0,0,4977
2018-04-11 23:53:40,0.463,0.224,0,0,3214
2018-04-11 23:53:54,0.264,0.12,0,0,4915
2018-04-11 23:54:04,0.306,0.184,0,0,3277
2018-04-11 23:54:19,0.141,0.088,0,0,4930
2018-04-11 23:54:30,0.247,0.154,0,0,4665
2018-04-11 23:54:42,0.368,0.224,0,0,4899
2018-04-11 23:54:54,0.33,0.204,0,0,4993
2018-04-11 23:55:06,1.585,0.768,0,0,4930
2018-04-11 23:55:16,0.263,0.146,0,0,3199
2018-04-11 23:55:31,0.223,0.124,0,0,4930
2018-04-11 23:55:43,0.558,0.228,0,0,4946
2018-04-11 23:55:55,0.263,0.164,0,0,4930
2018-04-11 23:56:07,1.335,0.554,0,0,4883
2018-04-11 23:56:19,0.3,0.188,0,0,4868
2018-04-11 23:56:30,0.36,0.224,0,0,4088
2018-04-11 23:56:44,0.464,0.27,0,0,4930
2018-04-11 23:56:54,0.303,0.18,0,0,3261
2018-04-11 23:57:07,1.775,1.334,0,0,4103
2018-04-11 23:57:20,0.811,0.388,0,0,4961
2018-04-11 23:57:32,0.391,0.192,0,0,4883
2018-04-11 23:57:43,0.47,0.28,0,0,3214
2018-04-11 23:57:56,0.312,0.148,0,0,4103
2018-04-11 23:58:55,5.395,2.42,0,0,3183
2018-04-11 23:59:08,0.466,0.196,0,0,4915
2018-04-11 23:59:21,0.306,0.184,0,0,4961
2018-04-11 23:59:33,0.322,0.17,0,0,4868
2018-04-11 23:59:43,0.258,0.162,0,0,3152
2018-04-11 23:59:46,0.0,0.0,0,0,3011
2018-04-12 00:00:45,5.882,2.452,0,0,4696
2018-04-12 00:00:56,0.551,0.334,0,0,3261
2018-04-12 00:01:09,0.235,0.108,0,0,4696
2018-04-12 00:01:21,1.004,0.39,0,0,4961
2018-04-12 00:01:34,0.228,0.136,0,0,4696
2018-04-12 00:01:44,0.423,0.252,0,0,3386
2018-04-12 00:01:57,6.118,2.824,0,0,4837
2018-04-12 00:02:09,0.586,0.248,0,0,4883
2018-04-12 00:02:20,0.431,0.206,0,0,3214
2018-04-12 00:02:32,0.328,0.14,0,0,3308
2018-04-12 00:02:46,0.365,0.15,0,0,4774
2018-04-12 00:03:46,5.638,2.11,0,0,4634
2018-04-12 00:03:59,1.644,0.7,0,0,4868
2018-04-12 00:04:10,0.304,0.182,0,0,4072
2018-04-12 00:04:22,0.478,0.284,0,0,4696
2018-04-12 00:04:34,0.543,0.294,0,0,4868
2018-04-12 00:04:47,0.358,0.216,0,0,4977
2018-04-12 00:04:57,0.286,0.146,0,0,3199
2018-04-12 00:05:10,5.011,2.188,0,0,4665
2018-04-12 00:05:23,0.448,0.272,0,0,4634
2018-04-12 00:06:23,5.669,2.386,0,0,4883
2018-04-12 00:06:34,0.433,0.242,0,0,3183
2018-04-12 00:06:47,0.09,0.058,0,0,5024
2018-04-12 00:07:47,5.296,2.278,0,0,4899
2018-04-12 00:07:59,0.644,0.268,0,0,4088
2018-04-12 00:08:12,0.445,0.272,0,0,4961
2018-04-12 00:08:23,0.445,0.272,0,0,5008
2018-04-12 00:08:24,0.291,0.168,0,0,5008
2018-04-12 00:08:34,0.455,0.202,0,0,3167
2018-04-12 00:08:48,0.414,0.22,0,0,4993
2018-04-12 00:09:00,0.227,0.146,0,0,4634
2018-04-12 00:09:12,0.55,0.31,0,0,4899
2018-04-12 00:09:23,0.377,0.198,0,0,3183
2018-04-12 00:09:37,0.213,0.106,0,0,5008
2018-04-12 00:09:47,0.375,0.178,0,0,3183
2018-04-12 00:10:00,0.294,0.128,0,0,4946
2018-04-12 00:10:13,0.284,0.172,0,0,4634
2018-04-12 00:10:25,0.389,0.23,0,0,4837
2018-04-12 00:10:37,0.367,0.222,0,0,4634
2018-04-12 00:10:49,0.532,0.318,0,0,4103
2018-04-12 00:11:00,0.628,0.38,0,0,3339
2018-04-12 00:11:12,0.351,0.152,0,0,3261
2018-04-12 00:11:25,0.561,0.238,0,0,4088
2018-04-12 00:12:22,0.561,0.238,0,0,3417
2018-04-12 00:12:23,0.029,0.042,0,0,3417
2018-04-12 00:12:36,0.295,0.164,0,0,3230
2018-04-12 00:12:50,1.773,1.456,0,0,4930
2018-04-12 00:13:02,1.096,0.386,0,0,4899
2018-04-12 00:13:14,1.118,0.474,0,0,4603
2018-04-12 00:13:24,0.495,0.266,0,0,3292
2018-04-12 00:13:39,0.48,0.2,0,0,4868
2018-04-12 00:13:49,0.391,0.238,0,0,3261
2018-04-12 00:14:02,5.205,2.184,0,0,4634
2018-04-12 00:14:13,0.495,0.302,0,0,3261
2018-04-12 00:14:27,0.247,0.106,0,0,4915
2018-04-12 00:14:37,0.536,0.216,0,0,3214
2018-04-12 00:14:51,0.676,0.286,0,0,4852
2018-04-12 00:15:02,0.366,0.224,0,0,3214
2018-04-12 00:15:15,0.136,0.084,0,0,4946
2018-04-12 00:15:26,0.136,0.084,0,0,3386
2018-04-12 00:15:27,0.38,0.186,0,0,3386
2018-04-12 00:15:40,0.166,0.096,0,0,4961
2018-04-12 00:15:50,0.319,0.194,0,0,3245
2018-04-12 00:16:04,0.662,0.29,0,0,4649
2018-04-12 00:16:15,0.459,0.28,0,0,3261
2018-04-12 00:16:28,0.139,0.086,0,0,4696
2018-04-12 00:16:40,0.49,0.294,0,0,4649
2018-04-12 00:16:52,0.542,0.294,0,0,4649
2018-04-12 00:17:04,0.53,0.29,0,0,4993
2018-04-12 00:17:16,0.816,0.306,0,0,4915
2018-04-12 00:17:29,0.433,0.198,0,0,4665
2018-04-12 00:17:40,0.628,0.32,0,0,4088
2018-04-12 00:17:52,1.607,0.674,0,0,4634
2018-04-12 00:18:05,0.9,0.366,0,0,4665
2018-04-12 00:19:03,5.547,2.438,0,0,3183
2018-04-12 00:19:18,6.909,2.406,0,0,4899
2018-04-12 00:19:28,0.35,0.202,0,0,3167
2018-04-12 00:19:41,0.915,0.388,0,0,4103
2018-04-12 00:19:52,0.461,0.276,0,0,3183
2018-04-12 00:20:05,5.777,1.98,0,0,3261
2018-04-12 00:20:18,0.611,0.314,0,0,4946
2018-04-12 00:20:30,0.316,0.194,0,0,4634
2018-04-12 00:20:42,0.874,0.348,0,0,4696
2018-04-12 00:20:55,0.413,0.246,0,0,4915
2018-04-12 00:21:05,0.328,0.2,0,0,3152
2018-04-12 00:21:19,0.176,0.102,0,0,4930
2018-04-12 00:21:29,0.287,0.176,0,0,3183
2018-04-12 00:21:42,1.647,1.076,0,0,4103
2018-04-12 00:21:53,0.717,0.426,0,0,3277
2018-04-12 00:21:56,0.0,0.0,0,0,3011
2018-04-12 00:22:55,7.407,2.472,0,0,4649
2018-04-12 00:23:05,0.427,0.256,0,0,3277
2018-04-12 00:23:19,0.234,0.128,0,0,4883
2018-04-12 00:23:30,0.511,0.242,0,0,3230
2018-04-12 00:23:44,0.423,0.188,0,0,4946
2018-04-12 00:23:55,0.22,0.13,0,0,4634
2018-04-12 00:24:08,0.547,0.318,0,0,4915
2018-04-12 00:24:20,0.547,0.232,0,0,4681
2018-04-12 00:24:31,0.541,0.312,0,0,4103
2018-04-12 00:24:45,1.776,0.736,0,0,4899
2018-04-12 00:24:56,0.397,0.238,0,0,4665
2018-04-12 00:25:07,0.503,0.304,0,0,3167
2018-04-12 00:25:20,1.676,0.998,0,0,4961
2018-04-12 00:25:31,0.248,0.148,0,0,3261
2018-04-12 00:25:45,5.075,2.198,0,0,4681
2018-04-12 00:25:55,0.28,0.174,0,0,3245
2018-04-12 00:26:09,0.147,0.072,0,0,4946
2018-04-12 00:26:19,0.285,0.168,0,0,3261
2018-04-12 00:26:34,0.128,0.076,0,0,4930
2018-04-12 00:26:46,0.292,0.176,0,0,4961
2018-04-12 00:26:57,0.394,0.16,0,0,4634
2018-04-12 00:27:10,0.509,0.304,0,0,4821
2018-04-12 00:27:22,0.313,0.184,0,0,4961
2018-04-12 00:27:33,0.228,0.144,0,0,3167
2018-04-12 00:27:44,0.206,0.104,0,0,3277
2018-04-12 00:27:58,0.3,0.13,0,0,4665
2018-04-12 00:28:10,0.45,0.276,0,0,4618
2018-04-12 00:28:22,0.474,0.284,0,0,4946
2018-04-12 00:28:33,0.273,0.17,0,0,4119
2018-04-12 00:28:47,0.475,0.284,0,0,4649
2018-04-12 00:28:59,0.497,0.29,0,0,4930
2018-04-12 00:29:10,1.664,0.866,0,0,4634
2018-04-12 00:29:22,1.505,0.64,0,0,4587
2018-04-12 00:29:34,0.486,0.294,0,0,4696
2018-04-12 00:29:47,0.834,0.328,0,0,4649
2018-04-12 00:29:58,0.379,0.226,0,0,3245
2018-04-12 00:30:11,0.233,0.108,0,0,4946
2018-04-12 00:30:21,0.319,0.194,0,0,3277
2018-04-12 00:30:35,0.356,0.17,0,0,4603
2018-04-12 00:30:47,0.436,0.26,0,0,4119
2018-04-12 00:31:00,1.682,0.662,0,0,4868
2018-04-12 00:31:11,0.331,0.2,0,0,4774
2018-04-12 00:31:24,1.266,0.45,0,0,4805
2018-04-12 00:31:36,0.992,0.376,0,0,4665
2018-04-12 00:31:48,0.539,0.32,0,0,4649
2018-04-12 00:32:01,0.528,0.312,0,0,4759
2018-04-12 00:32:13,0.786,0.308,0,0,4852
2018-04-12 00:32:24,0.438,0.208,0,0,4665
2018-04-12 00:32:36,0.482,0.276,0,0,4727
2018-04-12 00:32:49,0.415,0.25,0,0,4103
2018-04-12 00:33:01,0.591,0.364,0,0,4899
2018-04-12 00:33:13,0.575,0.24,0,0,4665
2018-04-12 00:33:25,0.455,0.216,0,0,4899
2018-04-12 00:33:37,0.423,0.236,0,0,4072
2018-04-12 00:33:50,0.678,0.394,0,0,4915
2018-04-12 00:34:01,0.418,0.174,0,0,4681
2018-04-12 00:34:14,0.562,0.312,0,0,4103
2018-04-12 00:34:26,0.526,0.316,0,0,4727
2018-04-12 00:34:37,0.531,0.314,0,0,4103
2018-04-12 00:34:50,0.189,0.112,0,0,5882
2018-04-12 00:35:02,0.479,0.298,0,0,4119
2018-04-12 00:35:14,0.589,0.36,0,0,4634
2018-04-12 00:35:26,0.428,0.256,0,0,4665
2018-04-12 00:35:38,0.497,0.302,0,0,4103
2018-04-12 00:35:51,0.418,0.256,0,0,4883
2018-04-12 00:36:03,0.309,0.198,0,0,4665
2018-04-12 00:36:15,0.341,0.204,0,0,4587
2018-04-12 00:36:26,0.555,0.268,0,0,3183
2018-04-12 00:36:39,0.343,0.144,0,0,4649
2018-04-12 00:36:51,0.54,0.318,0,0,4665
2018-04-12 00:37:03,0.643,0.312,0,0,4103
2018-04-12 00:37:16,0.669,0.4,0,0,4696
2018-04-12 00:37:28,0.465,0.278,0,0,4603
2018-04-12 00:37:38,0.481,0.29,0,0,3245
2018-04-12 00:37:51,0.353,0.15,0,0,4603
2018-04-12 00:38:05,0.412,0.252,0,0,4915
2018-04-12 00:38:17,0.319,0.204,0,0,4993
2018-04-12 00:38:27,0.241,0.154,0,0,3261
2018-04-12 00:38:40,5.627,2.49,0,0,4727
2018-04-12 00:38:52,0.363,0.22,0,0,3261
2018-04-12 00:39:04,0.181,0.088,0,0,4088
2018-04-12 00:39:15,0.434,0.262,0,0,3230
2018-04-12 00:39:29,0.367,0.152,0,0,4852
2018-04-12 00:39:40,0.354,0.176,0,0,3214
2018-04-12 00:39:53,0.243,0.114,0,0,4119
2018-04-12 00:40:04,0.903,0.374,0,0,3277
2018-04-12 00:40:17,0.473,0.204,0,0,4634
2018-04-12 00:40:30,0.482,0.276,0,0,4103
2018-04-12 00:40:41,0.451,0.268,0,0,4103
2018-04-12 00:41:42,6.472,2.184,0,0,5008
2018-04-12 00:41:54,0.432,0.186,0,0,4634
2018-04-12 00:42:06,0.826,0.33,0,0,4556
2018-04-12 00:42:19,0.508,0.294,0,0,4743
2018-04-12 00:42:30,0.393,0.236,0,0,4103
2018-04-12 00:42:43,0.698,0.406,0,0,4821
2018-04-12 00:42:54,0.34,0.21,0,0,4665
2018-04-12 00:43:05,0.491,0.28,0,0,3199
2018-04-12 00:43:19,5.243,2.5,0,0,4618
2018-04-12 00:43:31,0.674,0.296,0,0,4618
2018-04-12 00:43:41,0.422,0.262,0,0,3199
2018-04-12 00:43:55,1.589,1.15,0,0,4852
2018-04-12 00:44:07,1.589,1.15,0,0,4727
2018-04-12 00:44:08,0.219,0.138,0,0,4727
2018-04-12 00:44:19,0.646,0.322,0,0,4681
2018-04-12 00:44:32,0.526,0.284,0,0,4961
2018-04-12 00:44:43,0.24,0.146,0,0,4088
2018-04-12 00:44:55,1.657,0.652,0,0,4759
2018-04-12 00:45:08,0.745,0.276,0,0,4712
2018-04-12 00:45:18,0.435,0.262,0,0,3183
2018-04-12 00:45:32,0.895,0.39,0,0,4681
2018-04-12 00:45:44,0.468,0.282,0,0,4696
2018-04-12 00:45:57,0.462,0.272,0,0,4805
2018-04-12 00:46:08,0.312,0.186,0,0,4852
2018-04-12 00:47:08,1.195,0.688,0,0,4649
2018-04-12 00:48:07,0.701,0.278,0,0,3183
2018-04-12 00:48:21,0.298,0.134,0,0,4696
2018-04-12 00:48:32,0.486,0.288,0,0,4790
2018-04-12 00:48:46,0.427,0.26,0,0,4977
2018-04-12 00:48:56,1.391,0.606,0,0,3167
2018-04-12 00:49:09,0.174,0.114,0,0,4696
2018-04-12 00:49:20,0.508,0.24,0,0,4103
2018-04-12 00:50:22,0.329,0.216,0,0,4915
2018-04-12 00:50:32,0.206,0.13,0,0,3152
2018-04-12 00:50:46,0.265,0.12,0,0,4946
2018-04-12 00:51:46,5.576,2.382,0,0,4899
2018-04-12 00:51:58,0.591,0.254,0,0,4852
2018-04-12 00:52:08,1.709,0.82,0,0,3199
2018-04-12 00:52:22,0.394,0.166,0,0,4587
2018-04-12 00:52:34,0.572,0.294,0,0,4634
2018-04-12 00:52:46,1.672,0.69,0,0,4805
2018-04-12 00:52:57,0.448,0.268,0,0,3214
2018-04-12 00:53:00,0.241,0.206,0,0,3011
2018-04-12 00:53:58,1.287,0.584,0,0,4634
2018-04-12 00:54:09,0.733,0.308,0,0,3277
2018-04-12 00:54:23,4.913,2.198,0,0,5024
2018-04-12 00:54:35,0.22,0.104,0,0,4743
2018-04-12 00:54:46,0.35,0.214,0,0,4119
2018-04-12 00:54:57,0.495,0.306,0,0,3277
2018-04-12 00:55:10,6.342,2.924,0,0,3417
2018-04-12 00:55:23,0.146,0.078,0,0,4712
2018-04-12 00:55:34,0.473,0.274,0,0,4119
2018-04-12 00:55:48,0.2,0.14,0,0,6256
2018-04-12 00:56:00,0.463,0.272,0,0,5024
2018-04-12 00:56:10,0.383,0.184,0,0,3230
2018-04-12 00:56:24,0.119,0.076,0,0,4681
2018-04-12 00:56:35,0.492,0.276,0,0,3199
2018-04-12 00:56:48,4.92,2.216,0,0,4774
2018-04-12 00:57:00,0.412,0.248,0,0,4603
2018-04-12 00:57:12,0.55,0.336,0,0,4790
2018-04-12 00:58:13,0.261,0.168,0,0,4930
2018-04-12 00:58:24,1.361,0.56,0,0,4805
2018-04-12 00:58:35,0.41,0.252,0,0,3183
2018-04-12 00:58:49,1.708,1.022,0,0,4915
2018-04-12 00:59:01,1.193,0.48,0,0,4649
2018-04-12 00:59:13,0.475,0.282,0,0,4883
2018-04-12 00:59:24,0.367,0.212,0,0,3136
2018-04-12 00:59:37,0.106,0.066,0,0,4837
2018-04-12 00:59:48,0.36,0.212,0,0,3230
2018-04-12 00:59:59,0.258,0.108,0,0,3183
2018-04-12 01:00:13,0.525,0.232,0,0,4119
2018-04-12 01:00:25,0.506,0.3,0,0,4103
2018-04-12 01:00:38,0.637,0.396,0,0,4946
2018-04-12 01:00:49,0.262,0.146,0,0,4603
2018-04-12 01:01:02,0.417,0.254,0,0,4587
2018-04-12 01:01:14,0.488,0.282,0,0,4961
2018-04-12 01:01:26,0.184,0.114,0,0,4618
2018-04-12 01:01:39,1.644,0.71,0,0,4930
2018-04-12 01:01:49,0.954,0.356,0,0,3214
2018-04-12 01:02:02,0.482,0.206,0,0,4649
2018-04-12 01:02:15,0.505,0.302,0,0,4915
2018-04-12 01:03:15,0.459,0.282,0,0,4946
2018-04-12 01:03:25,0.607,0.27,0,0,3261
2018-04-12 01:03:39,4.912,2.248,0,0,4915
2018-04-12 01:03:52,0.304,0.176,0,0,4946
2018-04-12 01:04:03,0.304,0.184,0,0,4712
2018-04-12 01:04:15,0.494,0.292,0,0,4805
2018-04-12 01:04:28,1.726,0.922,0,0,4930
2018-04-12 01:04:40,0.277,0.156,0,0,4649
2018-04-12 01:04:52,0.534,0.332,0,0,5024
2018-04-12 01:05:05,0.178,0.11,0,0,4899
2018-04-12 01:05:17,0.344,0.172,0,0,4930
2018-04-12 01:05:28,0.382,0.162,0,0,4696
2018-04-12 01:05:40,0.287,0.168,0,0,4805
2018-04-12 01:06:41,0.182,0.13,0,0,6303
2018-04-12 01:06:53,0.879,0.388,0,0,4915
2018-04-12 01:07:04,0.301,0.186,0,0,4665
2018-04-12 01:08:04,0.638,0.268,0,0,3245
2018-04-12 01:08:15,0.192,0.104,0,0,3183
2018-04-12 01:08:28,0.568,0.23,0,0,4103
2018-04-12 01:08:42,0.936,0.552,0,0,6381
2018-04-12 01:08:54,0.358,0.212,0,0,4868
2018-04-12 01:09:06,0.512,0.22,0,0,4852
2018-04-12 01:09:17,0.26,0.162,0,0,4837
2018-04-12 01:09:31,0.577,0.264,0,0,4681
2018-04-12 01:09:42,0.474,0.28,0,0,4821
2018-04-12 01:09:53,0.282,0.17,0,0,4103
2018-04-12 01:10:06,0.583,0.35,0,0,4649
2018-04-12 01:11:06,5.336,2.282,0,0,4665
2018-04-12 01:11:18,0.655,0.292,0,0,4930
2018-04-12 01:11:30,1.428,0.63,0,0,4727
2018-04-12 01:11:43,0.404,0.242,0,0,4915
2018-04-12 01:11:54,0.278,0.162,0,0,4103
2018-04-12 01:12:07,0.48,0.28,0,0,5008
2018-04-12 01:12:19,0.263,0.146,0,0,4743
2018-04-12 01:12:32,0.452,0.268,0,0,4930
2018-04-12 01:12:42,1.755,1.01,0,0,3214
2018-04-12 01:12:55,0.163,0.086,0,0,4696
2018-04-12 01:13:07,0.475,0.278,0,0,4759
2018-04-12 01:13:20,0.617,0.284,0,0,4649
2018-04-12 01:13:32,1.673,0.746,0,0,4883
2018-04-12 01:13:45,0.272,0.166,0,0,4759
2018-04-12 01:13:56,0.484,0.29,0,0,4899
2018-04-12 01:14:08,1.029,0.394,0,0,4883
2018-04-12 01:14:21,0.477,0.236,0,0,4805
2018-04-12 01:14:33,0.394,0.242,0,0,4883
2018-04-12 01:14:44,0.231,0.144,0,0,4899
2018-04-12 01:14:56,0.393,0.21,0,0,3245
2018-04-12 01:15:09,0.397,0.166,0,0,4930
2018-04-12 01:15:21,0.709,0.256,0,0,4821
2018-04-12 01:15:33,1.633,0.708,0,0,4899
2018-04-12 01:15:44,0.374,0.228,0,0,4072
2018-04-12 01:15:56,0.44,0.27,0,0,3214
2018-04-12 01:16:09,0.106,0.064,0,0,4618
2018-04-12 01:16:21,1.592,0.696,0,0,4649
2018-04-12 01:16:34,0.605,0.332,0,0,4603
2018-04-12 01:16:45,0.473,0.258,0,0,4072
2018-04-12 01:16:58,1.574,0.612,0,0,4899
2018-04-12 01:17:08,0.421,0.214,0,0,3261
2018-04-12 01:17:22,0.51,0.21,0,0,4821
2018-04-12 01:17:34,0.303,0.182,0,0,4837
2018-04-12 01:17:46,0.325,0.198,0,0,4868
2018-04-12 01:17:59,0.32,0.196,0,0,4618
2018-04-12 01:18:10,0.537,0.288,0,0,4103
2018-04-12 01:18:23,0.789,0.468,0,0,4977
2018-04-12 01:19:23,1.147,0.666,0,0,4790
2018-04-12 01:19:33,1.751,0.798,0,0,3183
2018-04-12 01:19:47,0.156,0.08,0,0,4743
2018-04-12 01:19:58,0.503,0.302,0,0,3261
2018-04-12 01:20:11,0.071,0.05,0,0,4899
2018-04-12 01:20:23,0.297,0.186,0,0,4681
2018-04-12 01:20:36,0.518,0.286,0,0,4899
2018-04-12 01:20:48,0.322,0.186,0,0,4883
2018-04-12 01:21:00,0.199,0.122,0,0,4977
2018-04-12 01:21:10,1.296,0.53,0,0,3199
2018-04-12 01:21:24,1.296,0.14,0,0,4899
2018-04-12 01:21:25,0.277,0.14,0,0,4899
2018-04-12 01:21:35,0.612,0.268,0,0,3245
2018-04-12 01:21:48,0.327,0.142,0,0,4930
2018-04-12 01:22:01,0.34,0.21,0,0,4883
2018-04-12 01:22:12,0.973,0.336,0,0,4119
2018-04-12 01:22:25,0.608,0.3,0,0,5008
2018-04-12 01:22:36,0.369,0.154,0,0,4618
2018-04-12 01:22:49,0.489,0.288,0,0,4930
2018-04-12 01:23:00,0.672,0.26,0,0,4135
2018-04-12 01:24:01,0.317,0.158,0,0,4681
2018-04-12 01:24:13,0.468,0.284,0,0,4649
2018-04-12 01:24:24,1.695,0.748,0,0,3230
2018-04-12 01:24:38,0.111,0.064,0,0,4618
2018-04-12 01:24:50,0.409,0.252,0,0,4712
2018-04-12 01:25:01,0.481,0.284,0,0,4119
2018-04-12 01:25:13,0.51,0.302,0,0,4665
2018-04-12 01:25:26,1.043,0.41,0,0,4681
2018-04-12 01:25:38,0.426,0.266,0,0,4649
2018-04-12 01:25:50,0.493,0.284,0,0,4103
2018-04-12 01:26:00,0.207,0.132,0,0,4759
2018-04-12 01:26:04,1.557,1.354,0,0,3027
2018-04-12 01:27:03,0.69,0.278,0,0,4915
2018-04-12 01:27:15,0.652,0.248,0,0,4868
2018-04-12 01:27:27,0.341,0.2,0,0,4899
2018-04-12 01:27:39,0.412,0.228,0,0,4649
2018-04-12 01:27:51,0.42,0.26,0,0,4946
2018-04-12 01:28:03,1.34,0.612,0,0,4868
2018-04-12 01:28:15,0.272,0.166,0,0,4727
2018-04-12 01:28:27,0.474,0.292,0,0,4103
2018-04-12 01:28:40,0.485,0.29,0,0,4961
2018-04-12 01:28:50,0.207,0.132,0,0,3245
2018-04-12 01:29:03,0.681,0.278,0,0,4119
2018-04-12 01:30:00,0.175,0.116,0,0,3058
2018-04-12 01:31:04,5.113,2.296,0,0,4852
2018-04-12 01:31:16,0.771,0.3,0,0,4681
2018-04-12 01:31:28,0.495,0.294,0,0,4852
2018-04-12 01:31:40,0.414,0.242,0,0,4665
2018-04-12 01:31:53,0.45,0.278,0,0,4868
2018-04-12 01:32:05,1.653,0.844,0,0,4743
2018-04-12 01:32:16,0.348,0.214,0,0,4603
2018-04-12 01:32:28,0.503,0.298,0,0,4634
2018-04-12 01:32:41,0.459,0.272,0,0,4649
2018-04-12 01:32:51,0.474,0.294,0,0,3167
2018-04-12 01:33:05,0.545,0.218,0,0,4649
2018-04-12 01:33:16,0.641,0.288,0,0,3199
2018-04-12 01:33:30,0.314,0.144,0,0,4883
2018-04-12 01:33:41,1.621,0.784,0,0,4681
2018-04-12 01:33:52,1.709,0.956,0,0,3245
2018-04-12 01:34:06,0.266,0.134,0,0,4649
2018-04-12 01:34:18,0.392,0.238,0,0,4618
2018-04-12 01:34:31,0.416,0.254,0,0,4930
2018-04-12 01:34:42,0.385,0.17,0,0,4946
2018-04-12 01:34:53,0.431,0.176,0,0,3245
2018-04-12 01:35:07,0.416,0.182,0,0,4915
2018-04-12 01:35:17,0.388,0.178,0,0,3230
2018-04-12 01:35:31,0.193,0.096,0,0,4681
2018-04-12 01:36:31,0.176,0.126,0,0,6631
2018-04-12 01:36:42,0.474,0.238,0,0,3245
2018-04-12 01:36:55,0.294,0.15,0,0,5024
2018-04-12 01:37:07,0.267,0.116,0,0,4696
2018-04-12 01:37:19,0.4,0.24,0,0,4634
2018-04-12 01:38:19,5.53,2.374,0,0,4883
2018-04-12 01:38:29,0.497,0.24,0,0,3230
2018-04-12 01:38:44,0.467,0.194,0,0,4868
2018-04-12 01:38:55,0.707,0.296,0,0,4634
2018-04-12 01:39:07,0.492,0.296,0,0,4743
2018-04-12 01:40:06,5.519,2.432,0,0,3277
2018-04-12 01:40:20,1.511,0.91,0,0,4649
2018-04-12 01:40:30,0.533,0.278,0,0,3167
2018-04-12 01:40:45,0.274,0.128,0,0,4899
2018-04-12 01:40:54,0.274,0.128,0,0,3261
2018-04-12 01:40:55,0.224,0.14,0,0,3261
2018-04-12 01:41:09,0.237,0.112,0,0,4743
2018-04-12 01:41:20,0.47,0.282,0,0,4103
2018-04-12 01:41:33,0.539,0.324,0,0,4915
2018-04-12 01:41:44,0.174,0.108,0,0,4649
2018-04-12 01:41:57,0.455,0.276,0,0,4883
2018-04-12 01:42:07,0.294,0.182,0,0,3183
2018-04-12 01:42:21,1.707,1.054,0,0,4618
2018-04-12 01:42:32,0.484,0.292,0,0,3245
2018-04-12 01:42:45,0.376,0.158,0,0,4119
2018-04-12 01:42:57,0.209,0.15,0,0,6085
2018-04-12 01:43:10,1.755,0.96,0,0,4946
2018-04-12 01:43:21,0.39,0.166,0,0,3214
2018-04-12 01:43:32,0.188,0.114,0,0,3245
2018-04-12 01:43:46,0.471,0.194,0,0,4883
2018-04-12 01:43:58,0.245,0.154,0,0,4759
2018-04-12 01:44:09,0.374,0.214,0,0,3261
2018-04-12 01:44:22,0.332,0.14,0,0,4899
2018-04-12 01:44:35,0.321,0.188,0,0,4915
2018-04-12 01:44:47,0.302,0.166,0,0,4603
2018-04-12 01:44:59,0.427,0.258,0,0,4915
2018-04-12 01:45:11,0.18,0.102,0,0,4883
2018-04-12 01:45:22,0.472,0.2,0,0,3308
2018-04-12 01:45:34,6.054,2.668,0,0,4088
2018-04-12 01:45:47,0.937,0.538,0,0,4743
2018-04-12 01:46:00,0.425,0.21,0,0,4649
2018-04-12 01:46:12,0.502,0.3,0,0,4961
2018-04-12 01:46:22,0.672,0.264,0,0,3277
2018-04-12 01:46:35,6.262,2.784,0,0,3214
2018-04-12 01:46:47,5.022,2.162,0,0,4119
2018-04-12 01:46:59,5.022,2.162,0,0,4634
2018-04-12 01:47:00,0.564,0.336,0,0,4634
2018-04-12 01:47:13,0.403,0.24,0,0,4883
2018-04-12 01:47:23,0.256,0.154,0,0,3230
2018-04-12 01:47:26,0.57,0.57,0,0,3011
2018-04-12 01:48:24,0.38,0.176,0,0,4915
2018-04-12 01:48:37,0.349,0.21,0,0,4743
2018-04-12 01:48:49,0.494,0.3,0,0,4634
2018-04-12 01:49:47,6.081,2.508,0,0,3261
2018-04-12 01:50:01,1.756,1.27,0,0,4665
2018-04-12 01:50:11,0.427,0.264,0,0,3355
2018-04-12 01:50:25,0.211,0.114,0,0,5055
2018-04-12 01:50:37,0.449,0.192,0,0,4727
2018-04-12 01:50:48,0.485,0.208,0,0,3245
2018-04-12 01:50:59,0.32,0.138,0,0,3199
2018-04-12 01:51:12,0.492,0.214,0,0,3245
2018-04-12 01:51:24,0.351,0.144,0,0,3167
2018-04-12 01:51:37,0.227,0.108,0,0,4103
2018-04-12 01:51:49,0.217,0.148,0,0,6022
2018-04-12 01:52:02,0.599,0.322,0,0,4852
2018-04-12 01:52:14,0.396,0.228,0,0,4634
2018-04-12 01:52:26,0.528,0.308,0,0,4665
2018-04-12 01:52:38,0.434,0.256,0,0,4696
2018-04-12 01:52:50,0.284,0.174,0,0,4868
2018-04-12 01:53:01,0.343,0.214,0,0,3183
2018-04-12 01:53:15,0.181,0.096,0,0,4649
2018-04-12 01:53:27,0.41,0.248,0,0,4696
2018-04-12 01:54:26,0.257,0.166,0,0,4961
2018-04-12 01:54:39,1.381,0.598,0,0,4868
2018-04-12 01:54:51,1.649,0.77,0,0,4696
2018-04-12 01:55:03,0.457,0.276,0,0,4899
2018-04-12 01:55:16,0.2,0.128,0,0,4899
2018-04-12 01:55:27,0.251,0.156,0,0,4696
2018-04-12 01:55:39,0.822,0.346,0,0,4712
2018-04-12 01:55:51,0.417,0.254,0,0,5039
2018-04-12 01:56:04,0.319,0.184,0,0,4603
2018-04-12 01:56:16,0.547,0.322,0,0,4696
2018-04-12 01:56:28,0.37,0.23,0,0,4961
2018-04-12 01:56:41,1.772,0.992,0,0,4899
2018-04-12 01:56:52,0.664,0.254,0,0,4665
2018-04-12 01:57:04,0.442,0.266,0,0,4649
2018-04-12 01:57:17,0.284,0.16,0,0,4634
2018-04-12 01:57:29,0.527,0.324,0,0,4634
2018-04-12 01:57:39,0.516,0.312,0,0,3261
2018-04-12 01:57:42,0.739,0.742,0,0,3027
2018-04-12 01:58:41,0.398,0.184,0,0,4634
2018-04-12 01:58:53,0.503,0.302,0,0,4837
2018-04-12 01:59:03,0.499,0.232,0,0,3339
2018-04-12 01:59:18,0.61,0.292,0,0,4852
2018-04-12 01:59:30,1.752,1.076,0,0,4743
2018-04-12 01:59:42,0.429,0.258,0,0,4899
2018-04-12 01:59:53,0.459,0.214,0,0,4103
2018-04-12 02:00:06,0.621,0.35,0,0,4868
2018-04-12 02:00:18,0.369,0.228,0,0,4852
2018-04-12 02:00:29,0.392,0.246,0,0,4119
2018-04-12 02:00:41,1.712,0.688,0,0,3261
2018-04-12 02:00:55,0.218,0.122,0,0,4899
2018-04-12 02:01:06,0.325,0.19,0,0,4603
2018-04-12 02:01:17,0.495,0.316,0,0,4103
2018-04-12 02:01:31,0.594,0.354,0,0,4665
2018-04-12 02:01:43,1.067,0.39,0,0,4634
2018-04-12 02:01:53,0.412,0.254,0,0,3167
2018-04-12 02:02:08,0.273,0.114,0,0,5008
2018-04-12 02:02:19,0.233,0.148,0,0,4743
2018-04-12 02:02:31,0.546,0.22,0,0,4634
2018-04-12 02:02:44,0.497,0.306,0,0,4634
2018-04-12 02:02:56,0.507,0.292,0,0,4681
2018-04-12 02:03:07,0.406,0.25,0,0,4665
2018-04-12 02:03:20,0.664,0.33,0,0,4135
2018-04-12 02:03:32,1.632,0.65,0,0,4696
2018-04-12 02:03:42,0.485,0.296,0,0,3245
2018-04-12 02:03:54,0.187,0.124,0,0,3152
2018-04-12 02:04:09,4.714,2.164,0,0,4930
2018-04-12 02:04:20,0.599,0.226,0,0,4743
2018-04-12 02:04:32,0.372,0.224,0,0,4587
2018-04-12 02:04:44,0.422,0.232,0,0,3308
2018-04-12 02:04:57,1.126,0.54,0,0,4665
2018-04-12 02:05:09,0.441,0.268,0,0,4634
2018-04-12 02:06:09,5.558,2.462,0,0,4899
2018-04-12 02:06:20,0.367,0.226,0,0,3167
2018-04-12 02:06:33,0.322,0.144,0,0,4618
2018-04-12 02:06:46,0.506,0.304,0,0,4587
2018-04-12 02:06:56,0.527,0.322,0,0,3261
2018-04-12 02:07:09,0.527,0.322,0,0,4899
2018-04-12 02:07:10,0.548,0.234,0,0,4899
2018-04-12 02:07:22,0.621,0.258,0,0,4119
2018-04-12 02:07:33,0.603,0.344,0,0,3261
2018-04-12 02:07:47,0.542,0.226,0,0,4634
2018-04-12 02:07:57,0.433,0.256,0,0,3121
2018-04-12 02:08:10,4.975,2.134,0,0,4088
2018-04-12 02:08:21,0.836,0.5,0,0,4634
2018-04-12 02:08:35,0.103,0.066,0,0,4634
2018-04-12 02:08:45,0.568,0.3,0,0,3245
2018-04-12 02:08:59,0.328,0.138,0,0,4852
2018-04-12 02:09:11,1.667,0.82,0,0,4696
2018-04-12 02:09:23,0.36,0.218,0,0,4634
2018-04-12 02:09:34,0.406,0.242,0,0,3152
2018-04-12 02:09:48,0.319,0.132,0,0,4696
2018-04-12 02:10:00,0.483,0.292,0,0,4743
2018-04-12 02:10:11,0.417,0.232,0,0,4103
2018-04-12 02:10:22,0.541,0.332,0,0,3167
2018-04-12 02:10:36,0.221,0.098,0,0,4712
2018-04-12 02:11:35,0.287,0.18,0,0,4665
2018-04-12 02:11:48,0.48,0.286,0,0,4899
2018-04-12 02:11:59,0.297,0.184,0,0,3292
2018-04-12 02:13:00,0.612,0.364,0,0,4665
2018-04-12 02:13:13,1.777,0.748,0,0,4759
2018-04-12 02:13:24,0.307,0.18,0,0,4634
2018-04-12 02:13:36,0.482,0.29,0,0,4930
2018-04-12 02:13:49,0.287,0.164,0,0,4883
2018-04-12 02:14:01,0.369,0.222,0,0,4915
2018-04-12 02:14:14,0.368,0.18,0,0,4915
2018-04-12 02:14:26,1.058,0.4,0,0,4993
2018-04-12 02:14:37,0.283,0.168,0,0,4915
2018-04-12 02:14:49,0.36,0.22,0,0,3245
2018-04-12 02:15:01,0.301,0.132,0,0,4103
2018-04-12 02:16:01,0.217,0.144,0,0,4681
2018-04-12 02:16:14,0.831,0.354,0,0,4899
2018-04-12 02:16:24,1.103,0.398,0,0,3277
2018-04-12 02:16:38,0.292,0.134,0,0,4915
2018-04-12 02:16:49,0.349,0.198,0,0,3230
2018-04-12 02:16:52,0.539,0.54,0,0,3011
2018-04-12 02:17:50,1.565,0.85,0,0,4665
2018-04-12 02:18:02,0.562,0.312,0,0,4899
2018-04-12 02:18:14,1.644,0.722,0,0,4665
2018-04-12 02:18:27,0.423,0.264,0,0,4603
2018-04-12 02:18:39,0.398,0.242,0,0,4727
2018-04-12 02:18:51,0.476,0.278,0,0,4634
2018-04-12 02:19:03,1.448,0.578,0,0,4915
2018-04-12 02:19:14,0.295,0.184,0,0,3245
2018-04-12 02:19:27,0.166,0.092,0,0,4946
2018-04-12 02:19:38,0.592,0.25,0,0,4088
2018-04-12 02:19:51,0.453,0.264,0,0,4977
2018-04-12 02:20:04,0.399,0.19,0,0,4712
2018-04-12 02:20:16,0.354,0.22,0,0,4915
2018-04-12 02:21:15,0.707,0.342,0,0,4103
2018-04-12 02:21:28,0.227,0.16,0,0,6459
2018-04-12 02:21:41,0.538,0.222,0,0,4915
2018-04-12 02:21:52,0.296,0.174,0,0,4899
2018-04-12 02:22:03,0.332,0.196,0,0,3277
2018-04-12 02:22:16,0.953,0.42,0,0,4727
2018-04-12 02:22:28,0.436,0.264,0,0,4665
2018-04-12 02:23:29,0.351,0.188,0,0,4899
2018-04-12 02:23:41,0.305,0.16,0,0,3261
2018-04-12 02:23:53,5.111,2.054,0,0,4868
2018-04-12 02:24:05,1.283,0.468,0,0,4790
2018-04-12 02:24:17,0.377,0.224,0,0,4899
2018-04-12 02:25:17,0.576,0.242,0,0,4977
2018-04-12 02:25:29,0.261,0.164,0,0,5024
2018-04-12 02:25:39,0.473,0.2,0,0,3167
2018-04-12 02:25:54,0.153,0.098,0,0,4961
2018-04-12 02:26:06,1.619,0.812,0,0,4759
2018-04-12 02:26:16,0.36,0.162,0,0,3245
2018-04-12 02:26:30,0.403,0.166,0,0,4899
2018-04-12 02:27:30,1.436,0.704,0,0,4915
2018-04-12 02:27:40,0.419,0.172,0,0,3245
2018-04-12 02:27:54,0.458,0.272,0,0,4649
2018-04-12 02:28:05,0.4,0.246,0,0,3355
2018-04-12 02:28:18,0.249,0.11,0,0,4618
2018-04-12 02:28:30,0.478,0.288,0,0,4681
2018-04-12 02:28:42,0.535,0.312,0,0,4696
2018-04-12 02:28:55,0.473,0.286,0,0,4868
2018-04-12 02:29:07,0.186,0.122,0,0,4696
2018-04-12 02:29:19,0.436,0.26,0,0,5024
2018-04-12 02:29:31,0.234,0.14,0,0,4712
2018-04-12 02:29:43,0.514,0.302,0,0,4634
2018-04-12 02:29:54,0.462,0.278,0,0,3261
2018-04-12 02:29:57,0.237,0.336,0,0,3011
2018-04-12 02:30:56,5.03,2.282,0,0,4649
2018-04-12 02:31:08,0.467,0.284,0,0,4571
2018-04-12 02:31:18,0.439,0.256,0,0,3261
2018-04-12 02:31:32,0.359,0.152,0,0,4899
2018-04-12 02:31:43,0.205,0.134,0,0,3167
2018-04-12 02:31:56,0.234,0.112,0,0,4883
2018-04-12 02:32:08,0.383,0.236,0,0,4915
2018-04-12 02:32:20,0.474,0.204,0,0,4665
2018-04-12 02:32:33,0.426,0.268,0,0,4743
2018-04-12 02:32:44,0.343,0.21,0,0,4119
2018-04-12 02:32:56,1.758,0.698,0,0,4743
2018-04-12 02:33:08,0.399,0.184,0,0,4883
2018-04-12 02:33:20,0.265,0.168,0,0,4119
2018-04-12 02:33:33,0.241,0.166,0,0,6256
2018-04-12 02:33:43,0.572,0.236,0,0,3245
2018-04-12 02:33:58,0.249,0.124,0,0,4852
2018-04-12 02:34:09,0.26,0.158,0,0,4603
2018-04-12 02:34:21,0.541,0.33,0,0,4915
2018-04-12 02:34:34,0.221,0.14,0,0,4649
2018-04-12 02:34:46,0.45,0.27,0,0,4837
2018-04-12 02:34:58,0.394,0.238,0,0,4681
2018-04-12 02:35:10,0.462,0.278,0,0,4696
2018-04-12 02:35:21,0.449,0.27,0,0,4634
2018-04-12 02:35:34,0.432,0.268,0,0,4618
2018-04-12 02:35:46,0.452,0.272,0,0,4712
2018-04-12 02:35:58,0.487,0.214,0,0,4696
2018-04-12 02:36:10,0.42,0.258,0,0,4088
2018-04-12 02:36:23,0.714,0.414,0,0,4681
2018-04-12 02:36:35,0.468,0.276,0,0,4696
2018-04-12 02:36:46,0.432,0.26,0,0,4088
2018-04-12 02:36:59,0.529,0.314,0,0,4681
2018-04-12 02:37:11,0.408,0.24,0,0,4852
2018-04-12 02:37:23,0.386,0.22,0,0,4649
2018-04-12 02:37:34,0.526,0.306,0,0,4088
2018-04-12 02:37:48,1.711,0.68,0,0,4618
2018-04-12 02:37:58,0.494,0.276,0,0,3261
2018-04-12 02:38:11,0.224,0.1,0,0,4618
2018-04-12 02:38:23,1.269,0.466,0,0,4103
2018-04-12 02:38:34,0.53,0.294,0,0,3167
2018-04-12 02:38:48,0.323,0.142,0,0,4649
2018-04-12 02:39:00,0.455,0.278,0,0,4681
2018-04-12 02:39:12,0.403,0.246,0,0,4899
2018-04-12 02:39:24,0.296,0.178,0,0,4727
2018-04-12 02:40:21,0.176,0.132,0,0,3199
2018-04-12 02:40:36,0.222,0.14,0,0,4571
2018-04-12 02:40:47,0.534,0.324,0,0,3214
2018-04-12 02:41:01,0.548,0.24,0,0,4915
2018-04-12 02:41:13,0.405,0.166,0,0,4868
2018-04-12 02:41:25,0.343,0.172,0,0,4696
2018-04-12 02:41:37,0.605,0.306,0,0,4790
2018-04-12 02:41:47,0.4,0.25,0,0,3261
2018-04-12 02:42:02,0.181,0.086,0,0,4649
2018-04-12 02:42:12,0.515,0.238,0,0,3199
2018-04-12 02:42:25,0.152,0.096,0,0,4603
2018-04-12 02:42:36,1.625,0.698,0,0,3261
2018-04-12 02:42:50,0.198,0.09,0,0,4712
2018-04-12 02:43:02,0.47,0.274,0,0,4634
2018-04-12 02:43:14,1.608,0.71,0,0,4852
2018-04-12 02:43:27,0.278,0.17,0,0,4618
2018-04-12 02:43:39,0.401,0.246,0,0,4915
2018-04-12 02:43:50,0.296,0.188,0,0,4088
2018-04-12 02:44:02,0.922,0.384,0,0,4759
2018-04-12 02:44:15,0.286,0.178,0,0,4743
2018-04-12 02:44:26,0.506,0.214,0,0,4103
2018-04-12 02:44:37,0.432,0.258,0,0,3183
2018-04-12 02:44:52,4.897,2.172,0,0,4649
2018-04-12 02:45:03,0.516,0.31,0,0,4727
2018-04-12 02:45:15,0.467,0.272,0,0,4103
2018-04-12 02:45:28,0.551,0.326,0,0,4915
2018-04-12 02:45:40,0.289,0.17,0,0,4696
2018-04-12 02:45:52,0.499,0.302,0,0,4883
2018-04-12 02:46:03,0.323,0.19,0,0,4696
2018-04-12 02:46:16,0.439,0.264,0,0,4665
2018-04-12 02:46:28,0.415,0.246,0,0,4571
2018-04-12 02:46:40,0.622,0.334,0,0,4883
2018-04-12 02:46:53,0.329,0.196,0,0,4587
2018-04-12 02:47:05,0.512,0.304,0,0,4727
2018-04-12 02:47:16,0.384,0.234,0,0,4103
2018-04-12 02:47:28,0.619,0.378,0,0,4634
2018-04-12 02:47:41,0.518,0.304,0,0,4712
2018-04-12 02:48:41,0.587,0.248,0,0,4961
2018-04-12 02:48:53,0.524,0.212,0,0,4868
2018-04-12 02:49:05,1.702,0.824,0,0,4837
2018-04-12 02:49:18,1.621,0.766,0,0,4915
2018-04-12 02:49:30,0.331,0.176,0,0,4618
2018-04-12 02:49:42,0.501,0.274,0,0,4587
2018-04-12 02:49:53,0.445,0.276,0,0,4681
2018-04-12 02:50:07,0.422,0.256,0,0,4993
2018-04-12 02:50:18,0.222,0.136,0,0,4899
2018-04-12 02:50:30,0.428,0.224,0,0,4696
2018-04-12 02:50:42,0.262,0.146,0,0,4618
2018-04-12 02:51:43,0.552,0.338,0,0,4603
2018-04-12 02:51:53,0.517,0.306,0,0,3245
2018-04-12 02:52:07,0.176,0.114,0,0,4915
2018-04-12 02:52:19,0.309,0.188,0,0,4930
2018-04-12 02:52:31,1.42,0.626,0,0,4525
2018-04-12 02:52:43,0.497,0.288,0,0,4634
2018-04-12 02:52:55,0.395,0.24,0,0,4587
2018-04-12 02:53:07,0.503,0.308,0,0,4852
2018-04-12 02:53:19,0.351,0.21,0,0,4556
2018-04-12 02:53:29,0.324,0.204,0,0,3199
2018-04-12 02:53:44,0.149,0.094,0,0,4587
2018-04-12 02:54:44,5.043,2.296,0,0,4681
2018-04-12 02:54:55,5.043,2.296,0,0,4696
2018-04-12 02:54:56,0.517,0.29,0,0,4696
2018-04-12 02:55:07,0.358,0.212,0,0,4618
2018-04-12 02:55:20,1.502,0.564,0,0,4696
2018-04-12 02:55:32,0.461,0.274,0,0,4649
2018-04-12 02:55:44,0.336,0.194,0,0,4759
2018-04-12 02:55:56,1.587,0.68,0,0,4618
2018-04-12 02:56:08,0.234,0.15,0,0,4665
2018-04-12 02:56:19,0.421,0.258,0,0,3261
2018-04-12 02:56:33,0.157,0.104,0,0,4587
2018-04-12 02:56:45,0.342,0.158,0,0,4634
2018-04-12 02:57:45,5.537,2.428,0,0,4915
2018-04-12 02:57:56,0.471,0.284,0,0,4634
2018-04-12 02:58:09,1.304,0.484,0,0,4837
2018-04-12 02:59:10,1.441,0.776,0,0,4868
2018-04-12 02:59:21,0.245,0.16,0,0,4743
2018-04-12 02:59:33,0.455,0.266,0,0,4634
2018-04-12 02:59:45,0.547,0.328,0,0,4587
2018-04-12 02:59:58,0.44,0.268,0,0,4681
2018-04-12 03:00:10,0.466,0.27,0,0,4618
2018-04-12 03:00:22,0.45,0.266,0,0,4696
2018-04-12 03:00:35,0.644,0.312,0,0,4727
2018-04-12 03:00:46,0.539,0.214,0,0,4603
2018-04-12 03:00:58,0.514,0.31,0,0,4868
2018-04-12 03:01:11,0.176,0.106,0,0,4727
2018-04-12 03:01:23,0.355,0.208,0,0,4712
2018-04-12 03:01:35,0.244,0.152,0,0,4665
2018-04-12 03:01:47,0.413,0.244,0,0,4634
2018-04-12 03:01:57,0.386,0.238,0,0,3214
2018-04-12 03:02:11,0.224,0.096,0,0,4681
2018-04-12 03:02:23,0.543,0.29,0,0,4634
2018-04-12 03:03:23,0.242,0.158,0,0,4587
2018-04-12 03:03:34,0.831,0.33,0,0,3199
2018-04-12 03:03:48,0.555,0.25,0,0,4883
2018-04-12 03:03:59,0.603,0.25,0,0,4743
2018-04-12 03:04:12,0.405,0.244,0,0,4634
2018-04-12 03:04:24,0.437,0.262,0,0,4634
2018-04-12 03:04:35,0.457,0.276,0,0,4634
2018-04-12 03:04:48,0.588,0.288,0,0,4587
2018-04-12 03:04:59,0.813,0.342,0,0,4119
2018-04-12 03:06:00,0.139,0.1,0,0,6646
2018-04-12 03:06:12,1.308,0.498,0,0,4681
2018-04-12 03:06:24,0.485,0.288,0,0,4634
2018-04-12 03:06:36,0.429,0.26,0,0,4759
2018-04-12 03:06:48,0.325,0.188,0,0,4915
